à ƒ,NodeStreamOffset,0
,NodeGt,0
,NodePulse,0
,NodeOr,0
,NodeMux,0
,NodeEvalStreamOffset,0
,NodeCounter,0
Ô·,NodeEqInlined,0
,NodeAnd,0
,NodeInput,0
,NodeSlice,0
 ,NodeReinterpret,0
e,NodeGte,0
Ô¹,NodeSlice,0
Ôº,NodeNeqInlined,0
Ô»,NodeSlice,0
Ô¼,NodeCat,0
,,NodeReinterpret,0
Ô¸,NodeSlice,0
.,NodeReinterpret,0
ß’,NodeCondAddSub,0
Ô½,NodeGtInlined,0
Ô¾,NodeSlice,0
2,NodeReinterpret,0
4,NodeSub,0
<,NodeAdd,0
=,NodeMux,0
Õ‚,NodeSlice,0
Õƒ,NodeReinterpret,0
ß”,NodeCondAddSub,0
B,NodeSlice,0
Ô†,NodeROM,0
ß–,NodeSlice,0
Ô¿,NodeSlice,0
Õ€,NodeNot,0
Õ,NodeReinterpret,0
ß—,NodeNot,0
ß˜,NodeXor,0
ß•,NodeSlice,0
ß™,NodeCat,0
ßš,NodeReinterpret,0
7,NodeSlice,0
9,NodeReinterpret,0
:,NodeCast,0
G,NodeCast,0
J,NodeSlice,0
Ó´,NodeROM,0
Ó»,NodeSlice,0
Ó¼,NodeReinterpret,0
M,NodeSlice,0
Ó½,NodeROM,0
Ô„,NodeSlice,0
Ô…,NodeReinterpret,0
R,NodeMux,0
H,NodeSlice,0
I,NodeReinterpret,0
K,NodeSlice,0
L,NodeReinterpret,0
N,NodeMux,0
S,NodeMul,0
Ó¹,NodeSlice,0
Óº,NodeReinterpret,0
Ô‚,NodeSlice,0
Ôƒ,NodeReinterpret,0
Q,NodeMux,0
T,NodeAdd,0
U,NodeCast,0
V,NodeMul,0
Ó·,NodeSlice,0
Ó¸,NodeReinterpret,0
Ô€,NodeSlice,0
Ô,NodeReinterpret,0
P,NodeMux,0
W,NodeAdd,0
X,NodeCast,0
Y,NodeMul,0
Óµ,NodeSlice,0
Ó¶,NodeReinterpret,0
Ó¾,NodeSlice,0
Ó¿,NodeReinterpret,0
O,NodeMux,0
Z,NodeAdd,0
[,NodeCast,0
\,NodeCast,0
Õ„,NodeShift,0
_,NodeReinterpret,0
`,NodeMux,0
a,NodeCast,0
b,NodeMul,0
c,NodeAdd,0
g,NodeMux,0
i,NodeMul,0
j,NodeAdd,0
l,NodeGt,0
Ó¦,NodeSub,0
Õ…,NodeEqInlined,0
Ó¨,NodeAnd,0
Ó«,NodeAnd,0
à „,NodeStreamOffset,0
,NodeMux,0
n,NodeSub,0
o,NodeMux,0
v,NodeAdd,0
à …,NodeStreamOffset,0
,NodeMux,0
Ó›,NodeNot,0
Ó„,NodeNot,0
Ó—,NodeNot,0
Ò°,NodeNot,0
Ò±,NodeAnd,0
!,NodeSlice,0
",NodeReinterpret,0
x,NodeMul,0
z,NodeSub,0
|,NodeAdd,0
},NodeDiv,0
,NodeSub,0
Â‚,NodeGt,0
Âƒ,NodeMux,0
Â„,NodeGt,0
Â…,NodeMux,0
Â‡,NodeSub,0
Â‰,NodeSub,0
ÂŠ,NodeMul,0
Â‹,NodeSqrt,0
#,NodeSlice,0
$,NodeReinterpret,0
ÂŽ,NodeMul,0
Â,NodeSlice,0
Õ‡,NodeEqInlined,0
Ú™,NodeSlice,0
Õ‰,NodeEqInlined,0
Úš,NodeSlice,0
Õ‹,NodeNeqInlined,0
Ê“,NodeAnd,0
Ê”,NodeOr,0
Ú›,NodeSlice,0
Â•,NodeCat,0
Â˜,NodeReinterpret,0
Úœ,NodeSlice,0
Âš,NodeReinterpret,0
ß,NodeTriArith,0
ß‚,NodeCast,0
ÕŽ,NodeSlice,0
Õ,NodeReinterpret,0
Õ,NodeSlice,0
Õ‘,NodeReinterpret,0
ßœ,NodeCondAddSub,0
Â¦,NodeSlice,0
Â§,NodeReinterpret,0
Â©,NodeShift,0
Â¨,NodeShift,0
Âª,NodeMux,0
Â«,NodeSlice,0
Â­,NodeReinterpret,0
Â®,NodeMul,0
Â²,NodeSlice,0
Â³,NodeReinterpret,0
Â¶,NodeCast,0
Â·,NodeLeading1Detect,0
Â¸,NodeOneHotDecode,0
Â¹,NodeCast,0
ßƒ,NodeTriArith,0
ß„,NodeCast,0
ÃŠ,NodeCast,0
ÃŒ,NodeAdd,0
Õ”,NodeLtInlined,0
Õ•,NodeGtInlined,0
Ã,NodeCast,0
ß…,NodeTriArith,0
ß†,NodeCast,0
Õ–,NodeGtInlined,0
Ã„,NodeCast,0
Ã…,NodeShift,0
Ã†,NodeReinterpret,0
Ã‡,NodeMux,0
Ã‰,NodeReinterpret,0
Ã,NodeCast,0
ÃŽ,NodeSlice,0
Õ—,NodeCat,0
Ã“,NodeReinterpret,0
Ã—,NodeMux,0
Ã›,NodeMux,0
Ê‚,NodeLt,0
Ê„,NodeGte,0
Ê…,NodeOr,0
Õ˜,NodeSlice,0
Ã°,NodeSlice,0
Ã±,NodeReinterpret,0
ß‡,NodeTriArith,0
Õ™,NodeSlice,0
Õš,NodeReinterpret,0
Ã£,NodeSlice,0
Õ›,NodeNeqInlined,0
Ã¢,NodeSlice,0
Õœ,NodeCat,0
Ã©,NodeReinterpret,0
Ãª,NodeSlice,0
Ã«,NodeReinterpret,0
ßž,NodeCondAddSub,0
Ã¯,NodeCat,0
Ã¸,NodeCast,0
Ã¹,NodeShift,0
Ãº,NodeSlice,0
Ã»,NodeReinterpret,0
Ã½,NodeMux,0
Ô‡,NodeROM,0
ÔŽ,NodeSlice,0
Ô,NodeReinterpret,0
Æ¹,NodeSlice,0
Æº,NodeReinterpret,0
ßˆ,NodeTriArith,0
Õ,NodeSlice,0
Õž,NodeReinterpret,0
Æ¬,NodeSlice,0
ÕŸ,NodeNeqInlined,0
Æ«,NodeSlice,0
Õ ,NodeCat,0
Æ²,NodeReinterpret,0
Æ³,NodeSlice,0
Æ´,NodeReinterpret,0
ß ,NodeCondAddSub,0
Æ¸,NodeCat,0
Ç,NodeCast,0
Ç‚,NodeShift,0
Çƒ,NodeSlice,0
Ç„,NodeReinterpret,0
Ç†,NodeMux,0
Ô,NodeROM,0
Ô—,NodeSlice,0
Ô˜,NodeReinterpret,0
É¸,NodeMux,0
Þ½,NodePO2FPMult,0
Ä‡,NodeSlice,0
Ä€,NodeSlice,0
Ä,NodeReinterpret,0
Äƒ,NodeSub,0
Õ¡,NodeGteInlined,0
Õ¢,NodeLteInlined,0
ÄŒ,NodeOr,0
Õ£,NodeLteInlined,0
Æ¤,NodeCat,0
Æ¥,NodeReinterpret,0
Ä—,NodeSub,0
Õ¤,NodeLtInlined,0
Ú,NodeSlice,0
Æ ,NodeMux,0
Õ¦,NodeLtInlined,0
Úž,NodeSlice,0
Æš,NodeMux,0
Õ¨,NodeLtInlined,0
ÚŸ,NodeSlice,0
Æ”,NodeMux,0
Õª,NodeLtInlined,0
Ú ,NodeSlice,0
ÆŽ,NodeMux,0
Õ¬,NodeLtInlined,0
Ú¡,NodeSlice,0
Æˆ,NodeMux,0
Õ®,NodeLtInlined,0
Ú¢,NodeSlice,0
Æ‚,NodeMux,0
Õ°,NodeLtInlined,0
Ú£,NodeSlice,0
Å¼,NodeMux,0
Õ²,NodeLtInlined,0
Ú¤,NodeSlice,0
Å¶,NodeMux,0
Õ´,NodeLtInlined,0
Ú¥,NodeSlice,0
Å°,NodeMux,0
Õ¶,NodeLtInlined,0
Ú¦,NodeSlice,0
Åª,NodeMux,0
Õ¸,NodeLtInlined,0
Ú§,NodeSlice,0
Å¤,NodeMux,0
Õº,NodeLtInlined,0
Ú¨,NodeSlice,0
Åž,NodeMux,0
Õ¼,NodeLtInlined,0
Ú©,NodeSlice,0
Å˜,NodeMux,0
Õ¾,NodeLtInlined,0
Úª,NodeSlice,0
Å’,NodeMux,0
Ö€,NodeLtInlined,0
Ú«,NodeSlice,0
ÅŒ,NodeMux,0
Ö‚,NodeLtInlined,0
Ú¬,NodeSlice,0
Å†,NodeMux,0
Ö„,NodeLtInlined,0
Ú­,NodeSlice,0
Å€,NodeMux,0
Ö†,NodeLtInlined,0
Ú®,NodeSlice,0
Äº,NodeMux,0
Öˆ,NodeLtInlined,0
Ú¯,NodeSlice,0
Ä´,NodeMux,0
ÖŠ,NodeLtInlined,0
Ú°,NodeSlice,0
Ä®,NodeMux,0
ÖŒ,NodeLtInlined,0
Ú±,NodeSlice,0
Ä¨,NodeMux,0
ÖŽ,NodeLtInlined,0
Ú²,NodeSlice,0
Ä¢,NodeMux,0
Ö,NodeLtInlined,0
Ú³,NodeSlice,0
Äœ,NodeMux,0
Ö§,NodeCat,0
Æ¢,NodeCast,0
Æ£,NodeShift,0
Ä…,NodeSlice,0
Ä†,NodeCat,0
Ä,NodeNeg,0
Ä’,NodeSub,0
Ä“,NodeCast,0
Ä”,NodeShift,0
Æ¦,NodeMux,0
Æ§,NodeNot,0
Æ¨,NodeMux,0
Æ©,NodeReinterpret,0
Æª,NodeCast,0
Þ¾,NodePO2FPMult,0
Ç,NodeSlice,0
Ç‰,NodeSlice,0
ÇŠ,NodeReinterpret,0
ÇŒ,NodeSub,0
Ö¨,NodeGteInlined,0
Ö©,NodeLteInlined,0
Ç•,NodeOr,0
Öª,NodeLteInlined,0
É­,NodeCat,0
É®,NodeReinterpret,0
Ç ,NodeSub,0
Ö«,NodeLtInlined,0
Ú´,NodeSlice,0
É©,NodeMux,0
Ö­,NodeLtInlined,0
Úµ,NodeSlice,0
É£,NodeMux,0
Ö¯,NodeLtInlined,0
Ú¶,NodeSlice,0
É,NodeMux,0
Ö±,NodeLtInlined,0
Ú·,NodeSlice,0
É—,NodeMux,0
Ö³,NodeLtInlined,0
Ú¸,NodeSlice,0
É‘,NodeMux,0
Öµ,NodeLtInlined,0
Ú¹,NodeSlice,0
É‹,NodeMux,0
Ö·,NodeLtInlined,0
Úº,NodeSlice,0
É…,NodeMux,0
Ö¹,NodeLtInlined,0
Ú»,NodeSlice,0
È¿,NodeMux,0
Ö»,NodeLtInlined,0
Ú¼,NodeSlice,0
È¹,NodeMux,0
Ö½,NodeLtInlined,0
Ú½,NodeSlice,0
È³,NodeMux,0
Ö¿,NodeLtInlined,0
Ú¾,NodeSlice,0
È­,NodeMux,0
×,NodeLtInlined,0
Ú¿,NodeSlice,0
È§,NodeMux,0
×ƒ,NodeLtInlined,0
Û€,NodeSlice,0
È¡,NodeMux,0
×…,NodeLtInlined,0
Û,NodeSlice,0
È›,NodeMux,0
×‡,NodeLtInlined,0
Û‚,NodeSlice,0
È•,NodeMux,0
×‰,NodeLtInlined,0
Ûƒ,NodeSlice,0
È,NodeMux,0
×‹,NodeLtInlined,0
Û„,NodeSlice,0
È‰,NodeMux,0
×,NodeLtInlined,0
Û…,NodeSlice,0
Èƒ,NodeMux,0
×,NodeLtInlined,0
Û†,NodeSlice,0
Ç½,NodeMux,0
×‘,NodeLtInlined,0
Û‡,NodeSlice,0
Ç·,NodeMux,0
×“,NodeLtInlined,0
Ûˆ,NodeSlice,0
Ç±,NodeMux,0
×•,NodeLtInlined,0
Û‰,NodeSlice,0
Ç«,NodeMux,0
×—,NodeLtInlined,0
ÛŠ,NodeSlice,0
Ç¥,NodeMux,0
×®,NodeCat,0
É«,NodeCast,0
É¬,NodeShift,0
ÇŽ,NodeSlice,0
Ç,NodeCat,0
Ç™,NodeNeg,0
Ç›,NodeSub,0
Çœ,NodeCast,0
Ç,NodeShift,0
É¯,NodeMux,0
É°,NodeNot,0
É±,NodeMux,0
É²,NodeReinterpret,0
É³,NodeCast,0
É´,NodeMux,0
Éº,NodeMul,0
É¹,NodeMul,0
É»,NodeMul,0
ÔŒ,NodeSlice,0
Ô,NodeReinterpret,0
Ô•,NodeSlice,0
Ô–,NodeReinterpret,0
É·,NodeMux,0
É¼,NodeMul,0
É½,NodeAdd,0
ÔŠ,NodeSlice,0
Ô‹,NodeReinterpret,0
Ô“,NodeSlice,0
Ô”,NodeReinterpret,0
É¶,NodeMux,0
É¾,NodeMul,0
É¿,NodeAdd,0
Ôˆ,NodeSlice,0
Ô‰,NodeReinterpret,0
Ô‘,NodeSlice,0
Ô’,NodeReinterpret,0
Éµ,NodeMux,0
Ê€,NodeAdd,0
Ê‡,NodeMux,0
ß¢,NodeSlice,0
Â±,NodeSlice,0
Õ’,NodeEqInlined,0
Õ“,NodeEqInlined,0
Ã¡,NodeOr,0
ß£,NodeXor,0
ß¡,NodeSlice,0
ß¤,NodeCat,0
ß¥,NodeReinterpret,0
Ê–,NodeMux,0
Ê—,NodeMul,0
Ò²,NodeMul,0
Ò³,NodeMul,0
Ó™,NodeNot,0
Òº,NodeNot,0
Ò»,NodeAnd,0
Ê›,NodeSlice,0
×°,NodeEqInlined,0
Û‹,NodeSlice,0
×²,NodeEqInlined,0
ÛŒ,NodeSlice,0
×´,NodeNeqInlined,0
Ò¡,NodeAnd,0
Ò¢,NodeOr,0
Û,NodeSlice,0
Ê ,NodeCat,0
Ê£,NodeReinterpret,0
ÛŽ,NodeSlice,0
Ê¥,NodeReinterpret,0
ß‰,NodeTriArith,0
ßŠ,NodeCast,0
×·,NodeSlice,0
×¸,NodeReinterpret,0
×¹,NodeSlice,0
×º,NodeReinterpret,0
ß§,NodeCondAddSub,0
Ê±,NodeSlice,0
Ê²,NodeReinterpret,0
Ê´,NodeShift,0
Ê³,NodeShift,0
Êµ,NodeMux,0
Ê¶,NodeSlice,0
Ê¸,NodeReinterpret,0
Ê¹,NodeMul,0
Ë€,NodeSlice,0
Ë,NodeReinterpret,0
Ë„,NodeCast,0
Ë…,NodeLeading1Detect,0
Ë†,NodeOneHotDecode,0
Ë‡,NodeCast,0
ß‹,NodeTriArith,0
ßŒ,NodeCast,0
Ë˜,NodeCast,0
Ëš,NodeAdd,0
×½,NodeLtInlined,0
×¾,NodeGtInlined,0
Ë,NodeCast,0
ß,NodeTriArith,0
ßŽ,NodeCast,0
×¿,NodeGtInlined,0
Ë’,NodeCast,0
Ë“,NodeShift,0
Ë”,NodeReinterpret,0
Ë•,NodeMux,0
Ë—,NodeReinterpret,0
Ë›,NodeCast,0
Ëœ,NodeSlice,0
Ø€,NodeCat,0
Ë¡,NodeReinterpret,0
Ë¥,NodeMux,0
Ë©,NodeMux,0
Ò,NodeLt,0
Ò’,NodeGte,0
Ò“,NodeOr,0
Ê™,NodeLt,0
Ê¼,NodeSlice,0
Ê¾,NodeXor,0
Ê¿,NodeMux,0
Ëª,NodeSlice,0
Ë¾,NodeSlice,0
Ë¿,NodeReinterpret,0
ß,NodeTriArith,0
Ø,NodeSlice,0
Ø‚,NodeReinterpret,0
Ë±,NodeSlice,0
Øƒ,NodeNeqInlined,0
Ë°,NodeSlice,0
Ø„,NodeCat,0
Ë·,NodeReinterpret,0
Ë¸,NodeSlice,0
Ë¹,NodeReinterpret,0
ß©,NodeCondAddSub,0
Ë½,NodeCat,0
Ì†,NodeCast,0
Ì‡,NodeShift,0
Ìˆ,NodeSlice,0
Ì‰,NodeReinterpret,0
Ì‹,NodeMux,0
Ô™,NodeROM,0
Ô ,NodeSlice,0
Ô¡,NodeReinterpret,0
Ï‡,NodeSlice,0
Ïˆ,NodeReinterpret,0
ß,NodeTriArith,0
Ø…,NodeSlice,0
Ø†,NodeReinterpret,0
Îº,NodeSlice,0
Ø‡,NodeNeqInlined,0
Î¹,NodeSlice,0
Øˆ,NodeCat,0
Ï€,NodeReinterpret,0
Ï,NodeSlice,0
Ï‚,NodeReinterpret,0
ß«,NodeCondAddSub,0
Ï†,NodeCat,0
Ï,NodeCast,0
Ï,NodeShift,0
Ï‘,NodeSlice,0
Ï’,NodeReinterpret,0
Ï”,NodeMux,0
Ô¢,NodeROM,0
Ô©,NodeSlice,0
Ôª,NodeReinterpret,0
Ò†,NodeMux,0
Þ¿,NodePO2FPMult,0
Ì•,NodeSlice,0
ÌŽ,NodeSlice,0
Ì,NodeReinterpret,0
Ì‘,NodeSub,0
Ø‰,NodeGteInlined,0
ØŠ,NodeLteInlined,0
Ìš,NodeOr,0
Ø‹,NodeLteInlined,0
Î²,NodeCat,0
Î³,NodeReinterpret,0
Ì¥,NodeSub,0
ØŒ,NodeLtInlined,0
Û,NodeSlice,0
Î®,NodeMux,0
ØŽ,NodeLtInlined,0
Û,NodeSlice,0
Î¨,NodeMux,0
Ø,NodeLtInlined,0
Û‘,NodeSlice,0
Î¢,NodeMux,0
Ø’,NodeLtInlined,0
Û’,NodeSlice,0
Îœ,NodeMux,0
Ø”,NodeLtInlined,0
Û“,NodeSlice,0
Î–,NodeMux,0
Ø–,NodeLtInlined,0
Û”,NodeSlice,0
Î,NodeMux,0
Ø˜,NodeLtInlined,0
Û•,NodeSlice,0
ÎŠ,NodeMux,0
Øš,NodeLtInlined,0
Û–,NodeSlice,0
Î„,NodeMux,0
Øœ,NodeLtInlined,0
Û—,NodeSlice,0
Í¾,NodeMux,0
Øž,NodeLtInlined,0
Û˜,NodeSlice,0
Í¸,NodeMux,0
Ø ,NodeLtInlined,0
Û™,NodeSlice,0
Í²,NodeMux,0
Ø¢,NodeLtInlined,0
Ûš,NodeSlice,0
Í¬,NodeMux,0
Ø¤,NodeLtInlined,0
Û›,NodeSlice,0
Í¦,NodeMux,0
Ø¦,NodeLtInlined,0
Ûœ,NodeSlice,0
Í ,NodeMux,0
Ø¨,NodeLtInlined,0
Û,NodeSlice,0
Íš,NodeMux,0
Øª,NodeLtInlined,0
Ûž,NodeSlice,0
Í”,NodeMux,0
Ø¬,NodeLtInlined,0
ÛŸ,NodeSlice,0
ÍŽ,NodeMux,0
Ø®,NodeLtInlined,0
Û ,NodeSlice,0
Íˆ,NodeMux,0
Ø°,NodeLtInlined,0
Û¡,NodeSlice,0
Í‚,NodeMux,0
Ø²,NodeLtInlined,0
Û¢,NodeSlice,0
Ì¼,NodeMux,0
Ø´,NodeLtInlined,0
Û£,NodeSlice,0
Ì¶,NodeMux,0
Ø¶,NodeLtInlined,0
Û¤,NodeSlice,0
Ì°,NodeMux,0
Ø¸,NodeLtInlined,0
Û¥,NodeSlice,0
Ìª,NodeMux,0
Ù,NodeCat,0
Î°,NodeCast,0
Î±,NodeShift,0
Ì“,NodeSlice,0
Ì”,NodeCat,0
Ìž,NodeNeg,0
Ì ,NodeSub,0
Ì¡,NodeCast,0
Ì¢,NodeShift,0
Î´,NodeMux,0
Îµ,NodeNot,0
Î¶,NodeMux,0
Î·,NodeReinterpret,0
Î¸,NodeCast,0
ß€,NodePO2FPMult,0
Ïž,NodeSlice,0
Ï—,NodeSlice,0
Ï˜,NodeReinterpret,0
Ïš,NodeSub,0
Ù,NodeGteInlined,0
Ù‘,NodeLteInlined,0
Ï£,NodeOr,0
Ù’,NodeLteInlined,0
Ñ»,NodeCat,0
Ñ¼,NodeReinterpret,0
Ï®,NodeSub,0
Ù“,NodeLtInlined,0
Û¦,NodeSlice,0
Ñ·,NodeMux,0
Ù•,NodeLtInlined,0
Û§,NodeSlice,0
Ñ±,NodeMux,0
Ù—,NodeLtInlined,0
Û¨,NodeSlice,0
Ñ«,NodeMux,0
Ù™,NodeLtInlined,0
Û©,NodeSlice,0
Ñ¥,NodeMux,0
Ù›,NodeLtInlined,0
Ûª,NodeSlice,0
ÑŸ,NodeMux,0
Ù,NodeLtInlined,0
Û«,NodeSlice,0
Ñ™,NodeMux,0
ÙŸ,NodeLtInlined,0
Û¬,NodeSlice,0
Ñ“,NodeMux,0
Ù¡,NodeLtInlined,0
Û­,NodeSlice,0
Ñ,NodeMux,0
Ù£,NodeLtInlined,0
Û®,NodeSlice,0
Ñ‡,NodeMux,0
Ù¥,NodeLtInlined,0
Û¯,NodeSlice,0
Ñ,NodeMux,0
Ù§,NodeLtInlined,0
Û°,NodeSlice,0
Ð»,NodeMux,0
Ù©,NodeLtInlined,0
Û±,NodeSlice,0
Ðµ,NodeMux,0
Ù«,NodeLtInlined,0
Û²,NodeSlice,0
Ð¯,NodeMux,0
Ù­,NodeLtInlined,0
Û³,NodeSlice,0
Ð©,NodeMux,0
Ù¯,NodeLtInlined,0
Û´,NodeSlice,0
Ð£,NodeMux,0
Ù±,NodeLtInlined,0
Ûµ,NodeSlice,0
Ð,NodeMux,0
Ù³,NodeLtInlined,0
Û¶,NodeSlice,0
Ð—,NodeMux,0
Ùµ,NodeLtInlined,0
Û·,NodeSlice,0
Ð‘,NodeMux,0
Ù·,NodeLtInlined,0
Û¸,NodeSlice,0
Ð‹,NodeMux,0
Ù¹,NodeLtInlined,0
Û¹,NodeSlice,0
Ð…,NodeMux,0
Ù»,NodeLtInlined,0
Ûº,NodeSlice,0
Ï¿,NodeMux,0
Ù½,NodeLtInlined,0
Û»,NodeSlice,0
Ï¹,NodeMux,0
Ù¿,NodeLtInlined,0
Û¼,NodeSlice,0
Ï³,NodeMux,0
Ú–,NodeCat,0
Ñ¹,NodeCast,0
Ñº,NodeShift,0
Ïœ,NodeSlice,0
Ï,NodeCat,0
Ï§,NodeNeg,0
Ï©,NodeSub,0
Ïª,NodeCast,0
Ï«,NodeShift,0
Ñ½,NodeMux,0
Ñ¾,NodeNot,0
Ñ¿,NodeMux,0
Ò€,NodeReinterpret,0
Ò,NodeCast,0
Ò‚,NodeMux,0
Òˆ,NodeMul,0
Ò‡,NodeMul,0
Ò‰,NodeMul,0
Ôž,NodeSlice,0
ÔŸ,NodeReinterpret,0
Ô§,NodeSlice,0
Ô¨,NodeReinterpret,0
Ò…,NodeMux,0
ÒŠ,NodeMul,0
Ò‹,NodeAdd,0
Ôœ,NodeSlice,0
Ô,NodeReinterpret,0
Ô¥,NodeSlice,0
Ô¦,NodeReinterpret,0
Ò„,NodeMux,0
ÒŒ,NodeMul,0
Ò,NodeAdd,0
Ôš,NodeSlice,0
Ô›,NodeReinterpret,0
Ô£,NodeSlice,0
Ô¤,NodeReinterpret,0
Òƒ,NodeMux,0
ÒŽ,NodeAdd,0
Ò•,NodeMux,0
ß­,NodeSlice,0
×»,NodeEqInlined,0
×¼,NodeEqInlined,0
Ë¯,NodeOr,0
ß®,NodeXor,0
ß¬,NodeSlice,0
ß¯,NodeCat,0
ß°,NodeReinterpret,0
Ò¤,NodeMux,0
Ò¥,NodeMul,0
Ò¼,NodeMul,0
Ò½,NodeMul,0
Ò¾,NodeMul,0
Ò¿,NodeAdd,0
Ò«,NodeNot,0
Ò¬,NodeAnd,0
Ò­,NodeSqrt,0
Ò¯,NodeMux,0
Ó€,NodeDiv,0
Ó,NodeMul,0
Ó‚,NodeAdd,0
Óƒ,NodeMux,0
Óš,NodeMux,0
à †,NodeStreamOffset,0
,NodeMux,0
Ò´,NodeMul,0
Òµ,NodeSub,0
Ò¶,NodeDiv,0
Ò·,NodeMul,0
Ò¸,NodeAdd,0
Ò¹,NodeMux,0
ß²,NodeSlice,0
Ó,NodeNot,0
ÓŒ,NodeLt,0
Ó,NodeNot,0
ÓŽ,NodeAnd,0
Ó,NodeAnd,0
ß³,NodeXor,0
ß±,NodeSlice,0
ß´,NodeCat,0
ßµ,NodeReinterpret,0
Ó˜,NodeMux,0
à ‡,NodeStreamOffset,0
,NodeMux,0
Ò¦,NodeMul,0
Ò§,NodeMul,0
Ò¨,NodeAdd,0
Òª,NodeGt,0
Ó…,NodeAnd,0
Ó†,NodeNeg,0
Ó‡,NodeMul,0
Óˆ,NodeMul,0
Ó‰,NodeAdd,0
ÓŠ,NodeMux,0
ß·,NodeSlice,0
Ó“,NodeNot,0
Ó”,NodeAnd,0
ß¸,NodeXor,0
ß¶,NodeSlice,0
ß¹,NodeCat,0
ßº,NodeReinterpret,0
Óœ,NodeMux,0
à ˆ,NodeStreamOffset,0
,NodeMux,0
t,NodeMul,0
u,NodeAdd,0
à ‰,NodeStreamOffset,0
,NodeMux,0
r,NodeMul,0
s,NodeAdd,0
à Š,NodeStreamOffset,0

,NodeMux,0
p,NodeMul,0
q,NodeAdd,0
Ú˜,NodeCat,0
Ó¬,NodeOutput,0
Ô­,NodeCounter,0
Ô®,NodeStreamOffset,0
Ô°,NodeOutputMappedReg,0
Ô´,NodeFlush,0
