,NodeInput,0
,NodeSlice,0
,NodeReinterpret,0
‡®à,NodeOutput,0
,NodeSlice,0
,NodeReinterpret,0
,NodeDiv,0
,NodeAdd,0
,NodeMul,0
,NodeNeg,0
,NodeSlice,0
,NodeReinterpret,0
,NodeSub,0
‡®ã,NodeSlice,0
‡®å,NodeReinterpret,0
‡®ç,NodeEqInlined,0
3,NodeNot,0
4,NodeAnd,0
.,NodeGt,0
‡®é,NodeReinterpret,0
",NodeSub,0
‡®è,NodeGtInlined,0
&,NodeCast,0
',NodeShift,0
(,NodeReinterpret,0
),NodeMux,0
*,NodeReinterpret,0
+,NodeAnd,0
,,NodeReinterpret,0
5,NodeNeq,0
6,NodeAnd,0
:,NodeMux,0
<,NodeMux,0
7,NodeCast,0
=,NodeMux,0
B,NodeAdd,0
C,NodeMux,0
D,NodeNeg,0
E,NodeCast,0
‡∂π,NodeRegister,0
‡∂∏,NodeRegister,0
‡∂∑,NodeRegister,0
‡∂∂,NodeRegister,0
‡∂µ,NodeRegister,0
‡∂¥,NodeRegister,0
‡®â,NodeOutput,0
‡®ä,NodeOutput,0
,NodeWatch,0
,NodeCounter,0
ﬁí,NodeAdd,0
‡®ê,NodeEqInlined,0
ﬁñ,NodeAnd,0
z,NodePulse,0
‡∑Ç,NodeRegister,0
‡∑Å,NodeRegister,0
‡∑Ä,NodeRegister,0
‘¥,NodeStreamOffset,0
,NodeSlice,0
,NodeReinterpret,0
F,NodeMul,0
	,NodeSlice,0

,NodeReinterpret,0
G,NodeMul,0
H,NodeAdd,0
I,NodeSqrt,0
K,NodeDiv,0
M,NodeMul,0
N,NodeNeg,0
O,NodeSlice,0
P,NodeReinterpret,0
R,NodeSub,0
‡®ë,NodeSlice,0
‡®í,NodeReinterpret,0
‡®ì,NodeEqInlined,0
f,NodeNot,0
g,NodeAnd,0
a,NodeGt,0
‡®î,NodeReinterpret,0
U,NodeSub,0
‡®ï,NodeGtInlined,0
Y,NodeCast,0
Z,NodeShift,0
[,NodeReinterpret,0
\,NodeMux,0
],NodeReinterpret,0
^,NodeAnd,0
_,NodeReinterpret,0
h,NodeNeq,0
i,NodeAnd,0
m,NodeMux,0
o,NodeMux,0
j,NodeCast,0
p,NodeMux,0
u,NodeAdd,0
v,NodeMux,0
w,NodeNeg,0
x,NodeCast,0
‡∑Ö,NodeRegister,0
‡∑Ñ,NodeRegister,0
‡∑É,NodeRegister,0
‡®ñ,NodeEqInlined,0
‘≥,NodeCast,0
‘µ,NodeAdd,0
‘∂,NodeMux,0
‘®,NodeStreamOffset,0
‡®ó,NodeEqInlined,0
‘ß,NodeCast,0
‘©,NodeAdd,0
‘™,NodeMux,0
‘ú,NodeStreamOffset,0
‡®ò,NodeEqInlined,0
‘õ,NodeCast,0
‘ù,NodeAdd,0
‘û,NodeMux,0
‘ê,NodeStreamOffset,0
‡®ô,NodeEqInlined,0
‘è,NodeCast,0
‘ë,NodeAdd,0
‘í,NodeMux,0
‘Ñ,NodeStreamOffset,0
‡®ö,NodeEqInlined,0
‘É,NodeCast,0
‘Ö,NodeAdd,0
‘Ü,NodeMux,0
”∏,NodeStreamOffset,0
‡®õ,NodeEqInlined,0
”∑,NodeCast,0
”π,NodeAdd,0
”∫,NodeMux,0
”¨,NodeStreamOffset,0
‡®ú,NodeEqInlined,0
”´,NodeCast,0
”≠,NodeAdd,0
”Æ,NodeMux,0
”†,NodeStreamOffset,0
‡®ù,NodeEqInlined,0
”ü,NodeCast,0
”°,NodeAdd,0
”¢,NodeMux,0
‡∂ø,NodeRegister,0
”î,NodeStreamOffset,0
‡®û,NodeEqInlined,0
”ì,NodeCast,0
”ï,NodeAdd,0
”ñ,NodeMux,0
”à,NodeStreamOffset,0
‡®ü,NodeEqInlined,0
”á,NodeCast,0
”â,NodeAdd,0
”ä,NodeMux,0
“º,NodeStreamOffset,0
‡®†,NodeEqInlined,0
“ª,NodeCast,0
“Ω,NodeAdd,0
“æ,NodeMux,0
“∞,NodeStreamOffset,0
‡®°,NodeEqInlined,0
“Ø,NodeCast,0
“±,NodeAdd,0
“≤,NodeMux,0
“§,NodeStreamOffset,0
‡®¢,NodeEqInlined,0
“£,NodeCast,0
“•,NodeAdd,0
“¶,NodeMux,0
“ò,NodeStreamOffset,0
‡®£,NodeEqInlined,0
“ó,NodeCast,0
“ô,NodeAdd,0
“ö,NodeMux,0
“å,NodeStreamOffset,0
‡®§,NodeEqInlined,0
“ã,NodeCast,0
“ç,NodeAdd,0
“é,NodeMux,0
“Ä,NodeStreamOffset,0
‡®•,NodeEqInlined,0
—ø,NodeCast,0
“Å,NodeAdd,0
“Ç,NodeMux,0
—¥,NodeStreamOffset,0
‡®¶,NodeEqInlined,0
—≥,NodeCast,0
—µ,NodeAdd,0
—∂,NodeMux,0
—®,NodeStreamOffset,0
‡®ß,NodeEqInlined,0
—ß,NodeCast,0
—©,NodeAdd,0
—™,NodeMux,0
—ú,NodeStreamOffset,0
‡®®,NodeEqInlined,0
—õ,NodeCast,0
—ù,NodeAdd,0
—û,NodeMux,0
—ê,NodeStreamOffset,0
‡®©,NodeEqInlined,0
—è,NodeCast,0
—ë,NodeAdd,0
—í,NodeMux,0
—Ñ,NodeStreamOffset,0
‡®™,NodeEqInlined,0
—É,NodeCast,0
—Ö,NodeAdd,0
—Ü,NodeMux,0
–∏,NodeStreamOffset,0
‡®´,NodeEqInlined,0
–∑,NodeCast,0
–π,NodeAdd,0
–∫,NodeMux,0
–¨,NodeStreamOffset,0
‡®¨,NodeEqInlined,0
–´,NodeCast,0
–≠,NodeAdd,0
–Æ,NodeMux,0
‡∂æ,NodeRegister,0
–†,NodeStreamOffset,0
‡®≠,NodeEqInlined,0
–ü,NodeCast,0
–°,NodeAdd,0
–¢,NodeMux,0
–î,NodeStreamOffset,0
‡®Æ,NodeEqInlined,0
–ì,NodeCast,0
–ï,NodeAdd,0
–ñ,NodeMux,0
–à,NodeStreamOffset,0
‡®Ø,NodeEqInlined,0
–á,NodeCast,0
–â,NodeAdd,0
–ä,NodeMux,0
œº,NodeStreamOffset,0
‡®∞,NodeEqInlined,0
œª,NodeCast,0
œΩ,NodeAdd,0
œæ,NodeMux,0
œ∞,NodeStreamOffset,0
‡®±,NodeEqInlined,0
œØ,NodeCast,0
œ±,NodeAdd,0
œ≤,NodeMux,0
œ§,NodeStreamOffset,0
‡®≤,NodeEqInlined,0
œ£,NodeCast,0
œ•,NodeAdd,0
œ¶,NodeMux,0
œò,NodeStreamOffset,0
‡®≥,NodeEqInlined,0
œó,NodeCast,0
œô,NodeAdd,0
œö,NodeMux,0
œå,NodeStreamOffset,0
‡®¥,NodeEqInlined,0
œã,NodeCast,0
œç,NodeAdd,0
œé,NodeMux,0
œÄ,NodeStreamOffset,0
‡®µ,NodeEqInlined,0
Œø,NodeCast,0
œÅ,NodeAdd,0
œÇ,NodeMux,0
Œ¥,NodeStreamOffset,0
‡®∂,NodeEqInlined,0
Œ≥,NodeCast,0
Œµ,NodeAdd,0
Œ∂,NodeMux,0
Œ®,NodeStreamOffset,0
‡®∑,NodeEqInlined,0
Œß,NodeCast,0
Œ©,NodeAdd,0
Œ™,NodeMux,0
Œú,NodeStreamOffset,0
‡®∏,NodeEqInlined,0
Œõ,NodeCast,0
Œù,NodeAdd,0
Œû,NodeMux,0
Œê,NodeStreamOffset,0
‡®π,NodeEqInlined,0
Œè,NodeCast,0
Œë,NodeAdd,0
Œí,NodeMux,0
ŒÑ,NodeStreamOffset,0
‡®∫,NodeEqInlined,0
ŒÉ,NodeCast,0
ŒÖ,NodeAdd,0
ŒÜ,NodeMux,0
Õ∏,NodeStreamOffset,0
‡®ª,NodeEqInlined,0
Õ∑,NodeCast,0
Õπ,NodeAdd,0
Õ∫,NodeMux,0
Õ¨,NodeStreamOffset,0
‡®º,NodeEqInlined,0
Õ´,NodeCast,0
Õ≠,NodeAdd,0
ÕÆ,NodeMux,0
‡∂Ω,NodeRegister,0
Õ†,NodeStreamOffset,0
‡®Ω,NodeEqInlined,0
Õü,NodeCast,0
Õ°,NodeAdd,0
Õ¢,NodeMux,0
Õî,NodeStreamOffset,0
‡®æ,NodeEqInlined,0
Õì,NodeCast,0
Õï,NodeAdd,0
Õñ,NodeMux,0
Õà,NodeStreamOffset,0
‡®ø,NodeEqInlined,0
Õá,NodeCast,0
Õâ,NodeAdd,0
Õä,NodeMux,0
Ãº,NodeStreamOffset,0
‡©Ä,NodeEqInlined,0
Ãª,NodeCast,0
ÃΩ,NodeAdd,0
Ãæ,NodeMux,0
Ã∞,NodeStreamOffset,0
‡©Å,NodeEqInlined,0
ÃØ,NodeCast,0
Ã±,NodeAdd,0
Ã≤,NodeMux,0
Ã§,NodeStreamOffset,0
‡©Ç,NodeEqInlined,0
Ã£,NodeCast,0
Ã•,NodeAdd,0
Ã¶,NodeMux,0
Ãò,NodeStreamOffset,0
‡©É,NodeEqInlined,0
Ãó,NodeCast,0
Ãô,NodeAdd,0
Ãö,NodeMux,0
Ãå,NodeStreamOffset,0
‡©Ñ,NodeEqInlined,0
Ãã,NodeCast,0
Ãç,NodeAdd,0
Ãé,NodeMux,0
ÃÄ,NodeStreamOffset,0
‡©Ö,NodeEqInlined,0
Àø,NodeCast,0
ÃÅ,NodeAdd,0
ÃÇ,NodeMux,0
À¥,NodeStreamOffset,0
‡©Ü,NodeEqInlined,0
À≥,NodeCast,0
Àµ,NodeAdd,0
À∂,NodeMux,0
À®,NodeStreamOffset,0
‡©á,NodeEqInlined,0
Àß,NodeCast,0
À©,NodeAdd,0
À™,NodeMux,0
Àú,NodeStreamOffset,0
‡©à,NodeEqInlined,0
Àõ,NodeCast,0
Àù,NodeAdd,0
Àû,NodeMux,0
Àê,NodeStreamOffset,0
‡©â,NodeEqInlined,0
Àè,NodeCast,0
Àë,NodeAdd,0
Àí,NodeMux,0
ÀÑ,NodeStreamOffset,0
‡©ä,NodeEqInlined,0
ÀÉ,NodeCast,0
ÀÖ,NodeAdd,0
ÀÜ,NodeMux,0
 ∏,NodeStreamOffset,0
‡©ã,NodeEqInlined,0
 ∑,NodeCast,0
 π,NodeAdd,0
 ∫,NodeMux,0
‡∂º,NodeRegister,0
 ¨,NodeStreamOffset,0
‡©å,NodeEqInlined,0
 ´,NodeCast,0
 ≠,NodeAdd,0
 Æ,NodeMux,0
 †,NodeStreamOffset,0
‡©ç,NodeEqInlined,0
 ü,NodeCast,0
 °,NodeAdd,0
 ¢,NodeMux,0
 î,NodeStreamOffset,0
‡©é,NodeEqInlined,0
 ì,NodeCast,0
 ï,NodeAdd,0
 ñ,NodeMux,0
 à,NodeStreamOffset,0
‡©è,NodeEqInlined,0
 á,NodeCast,0
 â,NodeAdd,0
 ä,NodeMux,0
…º,NodeStreamOffset,0
‡©ê,NodeEqInlined,0
…ª,NodeCast,0
…Ω,NodeAdd,0
…æ,NodeMux,0
…∞,NodeStreamOffset,0
‡©ë,NodeEqInlined,0
…Ø,NodeCast,0
…±,NodeAdd,0
…≤,NodeMux,0
…§,NodeStreamOffset,0
‡©í,NodeEqInlined,0
…£,NodeCast,0
…•,NodeAdd,0
…¶,NodeMux,0
…ò,NodeStreamOffset,0
‡©ì,NodeEqInlined,0
…ó,NodeCast,0
…ô,NodeAdd,0
…ö,NodeMux,0
…å,NodeStreamOffset,0
‡©î,NodeEqInlined,0
…ã,NodeCast,0
…ç,NodeAdd,0
…é,NodeMux,0
…Ä,NodeStreamOffset,0
‡©ï,NodeEqInlined,0
»ø,NodeCast,0
…Å,NodeAdd,0
…Ç,NodeMux,0
»¥,NodeStreamOffset,0
‡©ñ,NodeEqInlined,0
»≥,NodeCast,0
»µ,NodeAdd,0
»∂,NodeMux,0
»®,NodeStreamOffset,0
‡©ó,NodeEqInlined,0
»ß,NodeCast,0
»©,NodeAdd,0
»™,NodeMux,0
»ú,NodeStreamOffset,0
‡©ò,NodeEqInlined,0
»õ,NodeCast,0
»ù,NodeAdd,0
»û,NodeMux,0
»ê,NodeStreamOffset,0
‡©ô,NodeEqInlined,0
»è,NodeCast,0
»ë,NodeAdd,0
»í,NodeMux,0
»Ñ,NodeStreamOffset,0
‡©ö,NodeEqInlined,0
»É,NodeCast,0
»Ö,NodeAdd,0
»Ü,NodeMux,0
«∏,NodeStreamOffset,0
‡©õ,NodeEqInlined,0
«∑,NodeCast,0
«π,NodeAdd,0
«∫,NodeMux,0
‡∂ª,NodeRegister,0
«¨,NodeStreamOffset,0
‡©ú,NodeEqInlined,0
«´,NodeCast,0
«≠,NodeAdd,0
«Æ,NodeMux,0
«†,NodeStreamOffset,0
‡©ù,NodeEqInlined,0
«ü,NodeCast,0
«°,NodeAdd,0
«¢,NodeMux,0
«î,NodeStreamOffset,0
‡©û,NodeEqInlined,0
«ì,NodeCast,0
«ï,NodeAdd,0
«ñ,NodeMux,0
«à,NodeStreamOffset,0
‡©ü,NodeEqInlined,0
«á,NodeCast,0
«â,NodeAdd,0
«ä,NodeMux,0
∆º,NodeStreamOffset,0
‡©†,NodeEqInlined,0
∆ª,NodeCast,0
∆Ω,NodeAdd,0
∆æ,NodeMux,0
∆∞,NodeStreamOffset,0
‡©°,NodeEqInlined,0
∆Ø,NodeCast,0
∆±,NodeAdd,0
∆≤,NodeMux,0
∆§,NodeStreamOffset,0
‡©¢,NodeEqInlined,0
∆£,NodeCast,0
∆•,NodeAdd,0
∆¶,NodeMux,0
∆ò,NodeStreamOffset,0
‡©£,NodeEqInlined,0
∆ó,NodeCast,0
∆ô,NodeAdd,0
∆ö,NodeMux,0
∆å,NodeStreamOffset,0
‡©§,NodeEqInlined,0
∆ã,NodeCast,0
∆ç,NodeAdd,0
∆é,NodeMux,0
∆Ä,NodeStreamOffset,0
‡©•,NodeEqInlined,0
≈ø,NodeCast,0
∆Å,NodeAdd,0
∆Ç,NodeMux,0
≈¥,NodeStreamOffset,0
‡©¶,NodeEqInlined,0
≈≥,NodeCast,0
≈µ,NodeAdd,0
≈∂,NodeMux,0
≈®,NodeStreamOffset,0
‡©ß,NodeEqInlined,0
≈ß,NodeCast,0
≈©,NodeAdd,0
≈™,NodeMux,0
≈ú,NodeStreamOffset,0
‡©®,NodeEqInlined,0
≈õ,NodeCast,0
≈ù,NodeAdd,0
≈û,NodeMux,0
≈ê,NodeStreamOffset,0
‡©©,NodeEqInlined,0
≈è,NodeCast,0
≈ë,NodeAdd,0
≈í,NodeMux,0
≈Ñ,NodeStreamOffset,0
‡©™,NodeEqInlined,0
≈É,NodeCast,0
≈Ö,NodeAdd,0
≈Ü,NodeMux,0
‡∂∫,NodeRegister,0
ƒ∏,NodeStreamOffset,0
‡©´,NodeEqInlined,0
ƒ∑,NodeCast,0
ƒπ,NodeAdd,0
ƒ∫,NodeMux,0
ƒ¨,NodeStreamOffset,0
‡©¨,NodeEqInlined,0
ƒ´,NodeCast,0
ƒ≠,NodeAdd,0
ƒÆ,NodeMux,0
ƒ†,NodeStreamOffset,0
‡©≠,NodeEqInlined,0
ƒü,NodeCast,0
ƒ°,NodeAdd,0
ƒ¢,NodeMux,0
ƒî,NodeStreamOffset,0
‡©Æ,NodeEqInlined,0
ƒì,NodeCast,0
ƒï,NodeAdd,0
ƒñ,NodeMux,0
ƒà,NodeStreamOffset,0
‡©Ø,NodeEqInlined,0
ƒá,NodeCast,0
ƒâ,NodeAdd,0
ƒä,NodeMux,0
√º,NodeStreamOffset,0
‡©∞,NodeEqInlined,0
√ª,NodeCast,0
√Ω,NodeAdd,0
√æ,NodeMux,0
√∞,NodeStreamOffset,0
‡©±,NodeEqInlined,0
√Ø,NodeCast,0
√±,NodeAdd,0
√≤,NodeMux,0
√§,NodeStreamOffset,0
‡©≤,NodeEqInlined,0
√£,NodeCast,0
√•,NodeAdd,0
√¶,NodeMux,0
√ò,NodeStreamOffset,0
‡©≥,NodeEqInlined,0
√ó,NodeCast,0
√ô,NodeAdd,0
√ö,NodeMux,0
√å,NodeStreamOffset,0
‡©¥,NodeEqInlined,0
√ã,NodeCast,0
√ç,NodeAdd,0
√é,NodeMux,0
√Ä,NodeStreamOffset,0
‡©µ,NodeEqInlined,0
¬ø,NodeCast,0
√Å,NodeAdd,0
√Ç,NodeMux,0
¬¥,NodeStreamOffset,0
‡©∂,NodeEqInlined,0
¬≥,NodeCast,0
¬µ,NodeAdd,0
¬∂,NodeMux,0
¬®,NodeStreamOffset,0
‡©∑,NodeEqInlined,0
¬ß,NodeCast,0
¬©,NodeAdd,0
¬™,NodeMux,0
¬ú,NodeStreamOffset,0
‡©∏,NodeEqInlined,0
¬õ,NodeCast,0
¬ù,NodeAdd,0
¬û,NodeMux,0
¬ê,NodeStreamOffset,0
‡©π,NodeEqInlined,0
¬è,NodeCast,0
¬ë,NodeAdd,0
¬í,NodeMux,0
¬Ñ,NodeStreamOffset,0
‡©∫,NodeEqInlined,0
¬É,NodeCast,0
¬Ö,NodeAdd,0
¬Ü,NodeMux,0
ﬁå,NodeStreamOffset,0
‡©ª,NodeEqInlined,0
ﬁã,NodeCast,0
ﬁç,NodeAdd,0
ﬁé,NodeMux,0
ﬁÜ,NodeStreamOffset,0
‡©º,NodeEqInlined,0
ﬁÖ,NodeCast,0
ﬁá,NodeAdd,0
ﬁà,NodeMux,0
ﬁÄ,NodeStreamOffset,0
‡©Ω,NodeEqInlined,0
›ø,NodeCast,0
ﬁÅ,NodeAdd,0
ﬁÇ,NodeMux,0
›∫,NodeStreamOffset,0
‡©æ,NodeEqInlined,0
›π,NodeCast,0
›ª,NodeAdd,0
›º,NodeMux,0
›¥,NodeStreamOffset,0
‡©ø,NodeEqInlined,0
›≥,NodeCast,0
›µ,NodeAdd,0
›∂,NodeMux,0
›Æ,NodeStreamOffset,0
‡™Ä,NodeEqInlined,0
›≠,NodeCast,0
›Ø,NodeAdd,0
›∞,NodeMux,0
›®,NodeStreamOffset,0
‡™Å,NodeEqInlined,0
›ß,NodeCast,0
›©,NodeAdd,0
›™,NodeMux,0
›¢,NodeStreamOffset,0
‡™Ç,NodeEqInlined,0
›°,NodeCast,0
›£,NodeAdd,0
›§,NodeMux,0
›ú,NodeStreamOffset,0
‡™É,NodeEqInlined,0
›õ,NodeCast,0
›ù,NodeAdd,0
›û,NodeMux,0
›ñ,NodeStreamOffset,0
‡™Ñ,NodeEqInlined,0
›ï,NodeCast,0
›ó,NodeAdd,0
›ò,NodeMux,0
›ê,NodeStreamOffset,0
‡™Ö,NodeEqInlined,0
›è,NodeCast,0
›ë,NodeAdd,0
›í,NodeMux,0
›ä,NodeStreamOffset,0
‡™Ü,NodeEqInlined,0
›â,NodeCast,0
›ã,NodeAdd,0
›å,NodeMux,0
›Ñ,NodeStreamOffset,0
‡™á,NodeEqInlined,0
›É,NodeCast,0
›Ö,NodeAdd,0
›Ü,NodeMux,0
‹æ,NodeStreamOffset,0
‡™à,NodeEqInlined,0
‹Ω,NodeCast,0
‹ø,NodeAdd,0
›Ä,NodeMux,0
‹∏,NodeStreamOffset,0
‡™â,NodeEqInlined,0
‹∑,NodeCast,0
‹π,NodeAdd,0
‹∫,NodeMux,0
‹≤,NodeStreamOffset,0
‡™ä,NodeEqInlined,0
‹±,NodeCast,0
‹≥,NodeAdd,0
‹¥,NodeMux,0
‹¨,NodeStreamOffset,0
‡™ã,NodeEqInlined,0
‹´,NodeCast,0
‹≠,NodeAdd,0
‹Æ,NodeMux,0
‹¶,NodeStreamOffset,0
‡™å,NodeEqInlined,0
‹•,NodeCast,0
‹ß,NodeAdd,0
‹®,NodeMux,0
‹†,NodeStreamOffset,0
‡™ç,NodeEqInlined,0
‹ü,NodeCast,0
‹°,NodeAdd,0
‹¢,NodeMux,0
‹ö,NodeStreamOffset,0
‡™é,NodeEqInlined,0
‹ô,NodeCast,0
‹õ,NodeAdd,0
‹ú,NodeMux,0
‹î,NodeStreamOffset,0
‡™è,NodeEqInlined,0
‹ì,NodeCast,0
‹ï,NodeAdd,0
‹ñ,NodeMux,0
‹é,NodeStreamOffset,0
‡™ê,NodeEqInlined,0
‹ç,NodeCast,0
‹è,NodeAdd,0
‹ê,NodeMux,0
‹à,NodeStreamOffset,0
‡™ë,NodeEqInlined,0
‹á,NodeCast,0
‹â,NodeAdd,0
‹ä,NodeMux,0
‹Ç,NodeStreamOffset,0
‡™í,NodeEqInlined,0
‹Å,NodeCast,0
‹É,NodeAdd,0
‹Ñ,NodeMux,0
€º,NodeStreamOffset,0
‡™ì,NodeEqInlined,0
€ª,NodeCast,0
€Ω,NodeAdd,0
€æ,NodeMux,0
€∂,NodeStreamOffset,0
‡™î,NodeEqInlined,0
€µ,NodeCast,0
€∑,NodeAdd,0
€∏,NodeMux,0
€∞,NodeStreamOffset,0
‡™ï,NodeEqInlined,0
€Ø,NodeCast,0
€±,NodeAdd,0
€≤,NodeMux,0
€™,NodeStreamOffset,0
‡™ñ,NodeEqInlined,0
€©,NodeCast,0
€´,NodeAdd,0
€¨,NodeMux,0
€§,NodeStreamOffset,0
‡™ó,NodeEqInlined,0
€£,NodeCast,0
€•,NodeAdd,0
€¶,NodeMux,0
€û,NodeStreamOffset,0
‡™ò,NodeEqInlined,0
€ù,NodeCast,0
€ü,NodeAdd,0
€†,NodeMux,0
€ò,NodeStreamOffset,0
‡™ô,NodeEqInlined,0
€ó,NodeCast,0
€ô,NodeAdd,0
€ö,NodeMux,0
€í,NodeStreamOffset,0
‡™ö,NodeEqInlined,0
€ë,NodeCast,0
€ì,NodeAdd,0
€î,NodeMux,0
€å,NodeStreamOffset,0
‡™õ,NodeEqInlined,0
€ã,NodeCast,0
€ç,NodeAdd,0
€é,NodeMux,0
€Ü,NodeStreamOffset,0
‡™ú,NodeEqInlined,0
€Ö,NodeCast,0
€á,NodeAdd,0
€à,NodeMux,0
€Ä,NodeStreamOffset,0
‡™ù,NodeEqInlined,0
⁄ø,NodeCast,0
€Å,NodeAdd,0
€Ç,NodeMux,0
⁄∫,NodeStreamOffset,0
‡™û,NodeEqInlined,0
⁄π,NodeCast,0
⁄ª,NodeAdd,0
⁄º,NodeMux,0
⁄¥,NodeStreamOffset,0
‡™ü,NodeEqInlined,0
⁄≥,NodeCast,0
⁄µ,NodeAdd,0
⁄∂,NodeMux,0
⁄Æ,NodeStreamOffset,0
‡™†,NodeEqInlined,0
⁄≠,NodeCast,0
⁄Ø,NodeAdd,0
⁄∞,NodeMux,0
⁄®,NodeStreamOffset,0
‡™°,NodeEqInlined,0
⁄ß,NodeCast,0
⁄©,NodeAdd,0
⁄™,NodeMux,0
⁄¢,NodeStreamOffset,0
‡™¢,NodeEqInlined,0
⁄°,NodeCast,0
⁄£,NodeAdd,0
⁄§,NodeMux,0
⁄ú,NodeStreamOffset,0
‡™£,NodeEqInlined,0
⁄õ,NodeCast,0
⁄ù,NodeAdd,0
⁄û,NodeMux,0
⁄ñ,NodeStreamOffset,0
‡™§,NodeEqInlined,0
⁄ï,NodeCast,0
⁄ó,NodeAdd,0
⁄ò,NodeMux,0
⁄ê,NodeStreamOffset,0
‡™•,NodeEqInlined,0
⁄è,NodeCast,0
⁄ë,NodeAdd,0
⁄í,NodeMux,0
⁄ä,NodeStreamOffset,0
‡™¶,NodeEqInlined,0
⁄â,NodeCast,0
⁄ã,NodeAdd,0
⁄å,NodeMux,0
⁄Ñ,NodeStreamOffset,0
‡™ß,NodeEqInlined,0
⁄É,NodeCast,0
⁄Ö,NodeAdd,0
⁄Ü,NodeMux,0
Ÿæ,NodeStreamOffset,0
‡™®,NodeEqInlined,0
ŸΩ,NodeCast,0
Ÿø,NodeAdd,0
⁄Ä,NodeMux,0
Ÿ∏,NodeStreamOffset,0
‡™©,NodeEqInlined,0
Ÿ∑,NodeCast,0
Ÿπ,NodeAdd,0
Ÿ∫,NodeMux,0
Ÿ≤,NodeStreamOffset,0
‡™™,NodeEqInlined,0
Ÿ±,NodeCast,0
Ÿ≥,NodeAdd,0
Ÿ¥,NodeMux,0
Ÿ¨,NodeStreamOffset,0
‡™´,NodeEqInlined,0
Ÿ´,NodeCast,0
Ÿ≠,NodeAdd,0
ŸÆ,NodeMux,0
Ÿ¶,NodeStreamOffset,0
‡™¨,NodeEqInlined,0
Ÿ•,NodeCast,0
Ÿß,NodeAdd,0
Ÿ®,NodeMux,0
Ÿ†,NodeStreamOffset,0
‡™≠,NodeEqInlined,0
Ÿü,NodeCast,0
Ÿ°,NodeAdd,0
Ÿ¢,NodeMux,0
Ÿö,NodeStreamOffset,0
‡™Æ,NodeEqInlined,0
Ÿô,NodeCast,0
Ÿõ,NodeAdd,0
Ÿú,NodeMux,0
Ÿî,NodeStreamOffset,0
‡™Ø,NodeEqInlined,0
Ÿì,NodeCast,0
Ÿï,NodeAdd,0
Ÿñ,NodeMux,0
Ÿé,NodeStreamOffset,0
‡™∞,NodeEqInlined,0
Ÿç,NodeCast,0
Ÿè,NodeAdd,0
Ÿê,NodeMux,0
Ÿà,NodeStreamOffset,0
‡™±,NodeEqInlined,0
Ÿá,NodeCast,0
Ÿâ,NodeAdd,0
Ÿä,NodeMux,0
ŸÇ,NodeStreamOffset,0
‡™≤,NodeEqInlined,0
ŸÅ,NodeCast,0
ŸÉ,NodeAdd,0
ŸÑ,NodeMux,0
ÿº,NodeStreamOffset,0
‡™≥,NodeEqInlined,0
ÿª,NodeCast,0
ÿΩ,NodeAdd,0
ÿæ,NodeMux,0
ÿ∂,NodeStreamOffset,0
‡™¥,NodeEqInlined,0
ÿµ,NodeCast,0
ÿ∑,NodeAdd,0
ÿ∏,NodeMux,0
ÿ∞,NodeStreamOffset,0
‡™µ,NodeEqInlined,0
ÿØ,NodeCast,0
ÿ±,NodeAdd,0
ÿ≤,NodeMux,0
ÿ™,NodeStreamOffset,0
‡™∂,NodeEqInlined,0
ÿ©,NodeCast,0
ÿ´,NodeAdd,0
ÿ¨,NodeMux,0
ÿ§,NodeStreamOffset,0
‡™∑,NodeEqInlined,0
ÿ£,NodeCast,0
ÿ•,NodeAdd,0
ÿ¶,NodeMux,0
ÿû,NodeStreamOffset,0
‡™∏,NodeEqInlined,0
ÿù,NodeCast,0
ÿü,NodeAdd,0
ÿ†,NodeMux,0
ÿò,NodeStreamOffset,0
‡™π,NodeEqInlined,0
ÿó,NodeCast,0
ÿô,NodeAdd,0
ÿö,NodeMux,0
ÿí,NodeStreamOffset,0
‡™∫,NodeEqInlined,0
ÿë,NodeCast,0
ÿì,NodeAdd,0
ÿî,NodeMux,0
ÿå,NodeStreamOffset,0
‡™ª,NodeEqInlined,0
ÿã,NodeCast,0
ÿç,NodeAdd,0
ÿé,NodeMux,0
ÿÜ,NodeStreamOffset,0
‡™º,NodeEqInlined,0
ÿÖ,NodeCast,0
ÿá,NodeAdd,0
ÿà,NodeMux,0
ÿÄ,NodeStreamOffset,0
‡™Ω,NodeEqInlined,0
◊ø,NodeCast,0
ÿÅ,NodeAdd,0
ÿÇ,NodeMux,0
◊∫,NodeStreamOffset,0
‡™æ,NodeEqInlined,0
◊π,NodeCast,0
◊ª,NodeAdd,0
◊º,NodeMux,0
◊¥,NodeStreamOffset,0
‡™ø,NodeEqInlined,0
◊≥,NodeCast,0
◊µ,NodeAdd,0
◊∂,NodeMux,0
◊Æ,NodeStreamOffset,0
‡´Ä,NodeEqInlined,0
◊≠,NodeCast,0
◊Ø,NodeAdd,0
◊∞,NodeMux,0
◊®,NodeStreamOffset,0
‡´Å,NodeEqInlined,0
◊ß,NodeCast,0
◊©,NodeAdd,0
◊™,NodeMux,0
◊¢,NodeStreamOffset,0
‡´Ç,NodeEqInlined,0
◊°,NodeCast,0
◊£,NodeAdd,0
◊§,NodeMux,0
◊ú,NodeStreamOffset,0
‡´É,NodeEqInlined,0
◊õ,NodeCast,0
◊ù,NodeAdd,0
◊û,NodeMux,0
◊ñ,NodeStreamOffset,0
‡´Ñ,NodeEqInlined,0
◊ï,NodeCast,0
◊ó,NodeAdd,0
◊ò,NodeMux,0
◊ê,NodeStreamOffset,0
‡´Ö,NodeEqInlined,0
◊è,NodeCast,0
◊ë,NodeAdd,0
◊í,NodeMux,0
◊ä,NodeStreamOffset,0
‡´Ü,NodeEqInlined,0
◊â,NodeCast,0
◊ã,NodeAdd,0
◊å,NodeMux,0
◊Ñ,NodeStreamOffset,0
‡´á,NodeEqInlined,0
◊É,NodeCast,0
◊Ö,NodeAdd,0
◊Ü,NodeMux,0
÷æ,NodeStreamOffset,0
‡´à,NodeEqInlined,0
÷Ω,NodeCast,0
÷ø,NodeAdd,0
◊Ä,NodeMux,0
÷∏,NodeStreamOffset,0
‡´â,NodeEqInlined,0
÷∑,NodeCast,0
÷π,NodeAdd,0
÷∫,NodeMux,0
÷≤,NodeStreamOffset,0
‡´ä,NodeEqInlined,0
÷±,NodeCast,0
÷≥,NodeAdd,0
÷¥,NodeMux,0
÷¨,NodeStreamOffset,0
‡´ã,NodeEqInlined,0
÷´,NodeCast,0
÷≠,NodeAdd,0
÷Æ,NodeMux,0
÷¶,NodeStreamOffset,0
‡´å,NodeEqInlined,0
÷•,NodeCast,0
÷ß,NodeAdd,0
÷®,NodeMux,0
÷†,NodeStreamOffset,0
‡´ç,NodeEqInlined,0
÷ü,NodeCast,0
÷°,NodeAdd,0
÷¢,NodeMux,0
÷ö,NodeStreamOffset,0
‡´é,NodeEqInlined,0
÷ô,NodeCast,0
÷õ,NodeAdd,0
÷ú,NodeMux,0
÷î,NodeStreamOffset,0
‡´è,NodeEqInlined,0
÷ì,NodeCast,0
÷ï,NodeAdd,0
÷ñ,NodeMux,0
÷é,NodeStreamOffset,0
‡´ê,NodeEqInlined,0
÷ç,NodeCast,0
÷è,NodeAdd,0
÷ê,NodeMux,0
÷à,NodeStreamOffset,0
‡´ë,NodeEqInlined,0
÷á,NodeCast,0
÷â,NodeAdd,0
÷ä,NodeMux,0
÷Ç,NodeStreamOffset,0
‡´í,NodeEqInlined,0
÷Å,NodeCast,0
÷É,NodeAdd,0
÷Ñ,NodeMux,0
’º,NodeStreamOffset,0
‡´ì,NodeEqInlined,0
’ª,NodeCast,0
’Ω,NodeAdd,0
’æ,NodeMux,0
’∂,NodeStreamOffset,0
‡´î,NodeEqInlined,0
’µ,NodeCast,0
’∑,NodeAdd,0
’∏,NodeMux,0
’∞,NodeStreamOffset,0
‡´ï,NodeEqInlined,0
’Ø,NodeCast,0
’±,NodeAdd,0
’≤,NodeMux,0
’™,NodeStreamOffset,0
‡´ñ,NodeEqInlined,0
’©,NodeCast,0
’´,NodeAdd,0
’¨,NodeMux,0
’§,NodeStreamOffset,0
‡´ó,NodeEqInlined,0
’£,NodeCast,0
’•,NodeAdd,0
’¶,NodeMux,0
’û,NodeStreamOffset,0
‡´ò,NodeEqInlined,0
’ù,NodeCast,0
’ü,NodeAdd,0
’†,NodeMux,0
’ò,NodeStreamOffset,0
‡´ô,NodeEqInlined,0
’ó,NodeCast,0
’ô,NodeAdd,0
’ö,NodeMux,0
’í,NodeStreamOffset,0
‡´ö,NodeEqInlined,0
’ë,NodeCast,0
’ì,NodeAdd,0
’î,NodeMux,0
’å,NodeStreamOffset,0
‡´õ,NodeEqInlined,0
’ã,NodeCast,0
’ç,NodeAdd,0
’é,NodeMux,0
’Ü,NodeStreamOffset,0
‡´ú,NodeEqInlined,0
’Ö,NodeCast,0
’á,NodeAdd,0
’à,NodeMux,0
’Ä,NodeStreamOffset,0
‡´ù,NodeEqInlined,0
‘ø,NodeCast,0
’Å,NodeAdd,0
’Ç,NodeMux,0
‘∫,NodeStreamOffset,0
‡´û,NodeEqInlined,0
‘π,NodeCast,0
‘ª,NodeAdd,0
‘º,NodeMux,0
‘Æ,NodeStreamOffset,0
‡´ü,NodeEqInlined,0
‘≠,NodeCast,0
‘Ø,NodeAdd,0
‘∞,NodeMux,0
‘¢,NodeStreamOffset,0
‡´†,NodeEqInlined,0
‘°,NodeCast,0
‘£,NodeAdd,0
‘§,NodeMux,0
‘ñ,NodeStreamOffset,0
‡´°,NodeEqInlined,0
‘ï,NodeCast,0
‘ó,NodeAdd,0
‘ò,NodeMux,0
‘ä,NodeStreamOffset,0
‡´¢,NodeEqInlined,0
‘â,NodeCast,0
‘ã,NodeAdd,0
‘å,NodeMux,0
”æ,NodeStreamOffset,0
‡´£,NodeEqInlined,0
”Ω,NodeCast,0
”ø,NodeAdd,0
‘Ä,NodeMux,0
”≤,NodeStreamOffset,0
‡´§,NodeEqInlined,0
”±,NodeCast,0
”≥,NodeAdd,0
”¥,NodeMux,0
”¶,NodeStreamOffset,0
‡´•,NodeEqInlined,0
”•,NodeCast,0
”ß,NodeAdd,0
”®,NodeMux,0
”ö,NodeStreamOffset,0
‡´¶,NodeEqInlined,0
”ô,NodeCast,0
”õ,NodeAdd,0
”ú,NodeMux,0
”é,NodeStreamOffset,0
‡´ß,NodeEqInlined,0
”ç,NodeCast,0
”è,NodeAdd,0
”ê,NodeMux,0
”Ç,NodeStreamOffset,0
‡´®,NodeEqInlined,0
”Å,NodeCast,0
”É,NodeAdd,0
”Ñ,NodeMux,0
“∂,NodeStreamOffset,0
‡´©,NodeEqInlined,0
“µ,NodeCast,0
“∑,NodeAdd,0
“∏,NodeMux,0
“™,NodeStreamOffset,0
‡´™,NodeEqInlined,0
“©,NodeCast,0
“´,NodeAdd,0
“¨,NodeMux,0
“û,NodeStreamOffset,0
‡´´,NodeEqInlined,0
“ù,NodeCast,0
“ü,NodeAdd,0
“†,NodeMux,0
“í,NodeStreamOffset,0
‡´¨,NodeEqInlined,0
“ë,NodeCast,0
“ì,NodeAdd,0
“î,NodeMux,0
“Ü,NodeStreamOffset,0
‡´≠,NodeEqInlined,0
“Ö,NodeCast,0
“á,NodeAdd,0
“à,NodeMux,0
—∫,NodeStreamOffset,0
‡´Æ,NodeEqInlined,0
—π,NodeCast,0
—ª,NodeAdd,0
—º,NodeMux,0
—Æ,NodeStreamOffset,0
‡´Ø,NodeEqInlined,0
—≠,NodeCast,0
—Ø,NodeAdd,0
—∞,NodeMux,0
—¢,NodeStreamOffset,0
‡´∞,NodeEqInlined,0
—°,NodeCast,0
—£,NodeAdd,0
—§,NodeMux,0
—ñ,NodeStreamOffset,0
‡´±,NodeEqInlined,0
—ï,NodeCast,0
—ó,NodeAdd,0
—ò,NodeMux,0
—ä,NodeStreamOffset,0
‡´≤,NodeEqInlined,0
—â,NodeCast,0
—ã,NodeAdd,0
—å,NodeMux,0
–æ,NodeStreamOffset,0
‡´≥,NodeEqInlined,0
–Ω,NodeCast,0
–ø,NodeAdd,0
—Ä,NodeMux,0
–≤,NodeStreamOffset,0
‡´¥,NodeEqInlined,0
–±,NodeCast,0
–≥,NodeAdd,0
–¥,NodeMux,0
–¶,NodeStreamOffset,0
‡´µ,NodeEqInlined,0
–•,NodeCast,0
–ß,NodeAdd,0
–®,NodeMux,0
–ö,NodeStreamOffset,0
‡´∂,NodeEqInlined,0
–ô,NodeCast,0
–õ,NodeAdd,0
–ú,NodeMux,0
–é,NodeStreamOffset,0
‡´∑,NodeEqInlined,0
–ç,NodeCast,0
–è,NodeAdd,0
–ê,NodeMux,0
–Ç,NodeStreamOffset,0
‡´∏,NodeEqInlined,0
–Å,NodeCast,0
–É,NodeAdd,0
–Ñ,NodeMux,0
œ∂,NodeStreamOffset,0
‡´π,NodeEqInlined,0
œµ,NodeCast,0
œ∑,NodeAdd,0
œ∏,NodeMux,0
œ™,NodeStreamOffset,0
‡´∫,NodeEqInlined,0
œ©,NodeCast,0
œ´,NodeAdd,0
œ¨,NodeMux,0
œû,NodeStreamOffset,0
‡´ª,NodeEqInlined,0
œù,NodeCast,0
œü,NodeAdd,0
œ†,NodeMux,0
œí,NodeStreamOffset,0
‡´º,NodeEqInlined,0
œë,NodeCast,0
œì,NodeAdd,0
œî,NodeMux,0
œÜ,NodeStreamOffset,0
‡´Ω,NodeEqInlined,0
œÖ,NodeCast,0
œá,NodeAdd,0
œà,NodeMux,0
Œ∫,NodeStreamOffset,0
‡´æ,NodeEqInlined,0
Œπ,NodeCast,0
Œª,NodeAdd,0
Œº,NodeMux,0
ŒÆ,NodeStreamOffset,0
‡´ø,NodeEqInlined,0
Œ≠,NodeCast,0
ŒØ,NodeAdd,0
Œ∞,NodeMux,0
Œ¢,NodeStreamOffset,0
‡¨Ä,NodeEqInlined,0
Œ°,NodeCast,0
Œ£,NodeAdd,0
Œ§,NodeMux,0
Œñ,NodeStreamOffset,0
‡¨Å,NodeEqInlined,0
Œï,NodeCast,0
Œó,NodeAdd,0
Œò,NodeMux,0
Œä,NodeStreamOffset,0
‡¨Ç,NodeEqInlined,0
Œâ,NodeCast,0
Œã,NodeAdd,0
Œå,NodeMux,0
Õæ,NodeStreamOffset,0
‡¨É,NodeEqInlined,0
ÕΩ,NodeCast,0
Õø,NodeAdd,0
ŒÄ,NodeMux,0
Õ≤,NodeStreamOffset,0
‡¨Ñ,NodeEqInlined,0
Õ±,NodeCast,0
Õ≥,NodeAdd,0
Õ¥,NodeMux,0
Õ¶,NodeStreamOffset,0
‡¨Ö,NodeEqInlined,0
Õ•,NodeCast,0
Õß,NodeAdd,0
Õ®,NodeMux,0
Õö,NodeStreamOffset,0
‡¨Ü,NodeEqInlined,0
Õô,NodeCast,0
Õõ,NodeAdd,0
Õú,NodeMux,0
Õé,NodeStreamOffset,0
‡¨á,NodeEqInlined,0
Õç,NodeCast,0
Õè,NodeAdd,0
Õê,NodeMux,0
ÕÇ,NodeStreamOffset,0
‡¨à,NodeEqInlined,0
ÕÅ,NodeCast,0
ÕÉ,NodeAdd,0
ÕÑ,NodeMux,0
Ã∂,NodeStreamOffset,0
‡¨â,NodeEqInlined,0
Ãµ,NodeCast,0
Ã∑,NodeAdd,0
Ã∏,NodeMux,0
Ã™,NodeStreamOffset,0
‡¨ä,NodeEqInlined,0
Ã©,NodeCast,0
Ã´,NodeAdd,0
Ã¨,NodeMux,0
Ãû,NodeStreamOffset,0
‡¨ã,NodeEqInlined,0
Ãù,NodeCast,0
Ãü,NodeAdd,0
Ã†,NodeMux,0
Ãí,NodeStreamOffset,0
‡¨å,NodeEqInlined,0
Ãë,NodeCast,0
Ãì,NodeAdd,0
Ãî,NodeMux,0
ÃÜ,NodeStreamOffset,0
‡¨ç,NodeEqInlined,0
ÃÖ,NodeCast,0
Ãá,NodeAdd,0
Ãà,NodeMux,0
À∫,NodeStreamOffset,0
‡¨é,NodeEqInlined,0
Àπ,NodeCast,0
Àª,NodeAdd,0
Àº,NodeMux,0
ÀÆ,NodeStreamOffset,0
‡¨è,NodeEqInlined,0
À≠,NodeCast,0
ÀØ,NodeAdd,0
À∞,NodeMux,0
À¢,NodeStreamOffset,0
‡¨ê,NodeEqInlined,0
À°,NodeCast,0
À£,NodeAdd,0
À§,NodeMux,0
Àñ,NodeStreamOffset,0
‡¨ë,NodeEqInlined,0
Àï,NodeCast,0
Àó,NodeAdd,0
Àò,NodeMux,0
Àä,NodeStreamOffset,0
‡¨í,NodeEqInlined,0
Àâ,NodeCast,0
Àã,NodeAdd,0
Àå,NodeMux,0
 æ,NodeStreamOffset,0
‡¨ì,NodeEqInlined,0
 Ω,NodeCast,0
 ø,NodeAdd,0
ÀÄ,NodeMux,0
 ≤,NodeStreamOffset,0
‡¨î,NodeEqInlined,0
 ±,NodeCast,0
 ≥,NodeAdd,0
 ¥,NodeMux,0
 ¶,NodeStreamOffset,0
‡¨ï,NodeEqInlined,0
 •,NodeCast,0
 ß,NodeAdd,0
 ®,NodeMux,0
 ö,NodeStreamOffset,0
‡¨ñ,NodeEqInlined,0
 ô,NodeCast,0
 õ,NodeAdd,0
 ú,NodeMux,0
 é,NodeStreamOffset,0
‡¨ó,NodeEqInlined,0
 ç,NodeCast,0
 è,NodeAdd,0
 ê,NodeMux,0
 Ç,NodeStreamOffset,0
‡¨ò,NodeEqInlined,0
 Å,NodeCast,0
 É,NodeAdd,0
 Ñ,NodeMux,0
…∂,NodeStreamOffset,0
‡¨ô,NodeEqInlined,0
…µ,NodeCast,0
…∑,NodeAdd,0
…∏,NodeMux,0
…™,NodeStreamOffset,0
‡¨ö,NodeEqInlined,0
…©,NodeCast,0
…´,NodeAdd,0
…¨,NodeMux,0
…û,NodeStreamOffset,0
‡¨õ,NodeEqInlined,0
…ù,NodeCast,0
…ü,NodeAdd,0
…†,NodeMux,0
…í,NodeStreamOffset,0
‡¨ú,NodeEqInlined,0
…ë,NodeCast,0
…ì,NodeAdd,0
…î,NodeMux,0
…Ü,NodeStreamOffset,0
‡¨ù,NodeEqInlined,0
…Ö,NodeCast,0
…á,NodeAdd,0
…à,NodeMux,0
»∫,NodeStreamOffset,0
‡¨û,NodeEqInlined,0
»π,NodeCast,0
»ª,NodeAdd,0
»º,NodeMux,0
»Æ,NodeStreamOffset,0
‡¨ü,NodeEqInlined,0
»≠,NodeCast,0
»Ø,NodeAdd,0
»∞,NodeMux,0
»¢,NodeStreamOffset,0
‡¨†,NodeEqInlined,0
»°,NodeCast,0
»£,NodeAdd,0
»§,NodeMux,0
»ñ,NodeStreamOffset,0
‡¨°,NodeEqInlined,0
»ï,NodeCast,0
»ó,NodeAdd,0
»ò,NodeMux,0
»ä,NodeStreamOffset,0
‡¨¢,NodeEqInlined,0
»â,NodeCast,0
»ã,NodeAdd,0
»å,NodeMux,0
«æ,NodeStreamOffset,0
‡¨£,NodeEqInlined,0
«Ω,NodeCast,0
«ø,NodeAdd,0
»Ä,NodeMux,0
«≤,NodeStreamOffset,0
‡¨§,NodeEqInlined,0
«±,NodeCast,0
«≥,NodeAdd,0
«¥,NodeMux,0
«¶,NodeStreamOffset,0
‡¨•,NodeEqInlined,0
«•,NodeCast,0
«ß,NodeAdd,0
«®,NodeMux,0
«ö,NodeStreamOffset,0
‡¨¶,NodeEqInlined,0
«ô,NodeCast,0
«õ,NodeAdd,0
«ú,NodeMux,0
«é,NodeStreamOffset,0
‡¨ß,NodeEqInlined,0
«ç,NodeCast,0
«è,NodeAdd,0
«ê,NodeMux,0
«Ç,NodeStreamOffset,0
‡¨®,NodeEqInlined,0
«Å,NodeCast,0
«É,NodeAdd,0
«Ñ,NodeMux,0
∆∂,NodeStreamOffset,0
‡¨©,NodeEqInlined,0
∆µ,NodeCast,0
∆∑,NodeAdd,0
∆∏,NodeMux,0
∆™,NodeStreamOffset,0
‡¨™,NodeEqInlined,0
∆©,NodeCast,0
∆´,NodeAdd,0
∆¨,NodeMux,0
∆û,NodeStreamOffset,0
‡¨´,NodeEqInlined,0
∆ù,NodeCast,0
∆ü,NodeAdd,0
∆†,NodeMux,0
∆í,NodeStreamOffset,0
‡¨¨,NodeEqInlined,0
∆ë,NodeCast,0
∆ì,NodeAdd,0
∆î,NodeMux,0
∆Ü,NodeStreamOffset,0
‡¨≠,NodeEqInlined,0
∆Ö,NodeCast,0
∆á,NodeAdd,0
∆à,NodeMux,0
≈∫,NodeStreamOffset,0
‡¨Æ,NodeEqInlined,0
≈π,NodeCast,0
≈ª,NodeAdd,0
≈º,NodeMux,0
≈Æ,NodeStreamOffset,0
‡¨Ø,NodeEqInlined,0
≈≠,NodeCast,0
≈Ø,NodeAdd,0
≈∞,NodeMux,0
≈¢,NodeStreamOffset,0
‡¨∞,NodeEqInlined,0
≈°,NodeCast,0
≈£,NodeAdd,0
≈§,NodeMux,0
≈ñ,NodeStreamOffset,0
‡¨±,NodeEqInlined,0
≈ï,NodeCast,0
≈ó,NodeAdd,0
≈ò,NodeMux,0
≈ä,NodeStreamOffset,0
‡¨≤,NodeEqInlined,0
≈â,NodeCast,0
≈ã,NodeAdd,0
≈å,NodeMux,0
ƒæ,NodeStreamOffset,0
‡¨≥,NodeEqInlined,0
ƒΩ,NodeCast,0
ƒø,NodeAdd,0
≈Ä,NodeMux,0
ƒ≤,NodeStreamOffset,0
‡¨¥,NodeEqInlined,0
ƒ±,NodeCast,0
ƒ≥,NodeAdd,0
ƒ¥,NodeMux,0
ƒ¶,NodeStreamOffset,0
‡¨µ,NodeEqInlined,0
ƒ•,NodeCast,0
ƒß,NodeAdd,0
ƒ®,NodeMux,0
ƒö,NodeStreamOffset,0
‡¨∂,NodeEqInlined,0
ƒô,NodeCast,0
ƒõ,NodeAdd,0
ƒú,NodeMux,0
ƒé,NodeStreamOffset,0
‡¨∑,NodeEqInlined,0
ƒç,NodeCast,0
ƒè,NodeAdd,0
ƒê,NodeMux,0
ƒÇ,NodeStreamOffset,0
‡¨∏,NodeEqInlined,0
ƒÅ,NodeCast,0
ƒÉ,NodeAdd,0
ƒÑ,NodeMux,0
√∂,NodeStreamOffset,0
‡¨π,NodeEqInlined,0
√µ,NodeCast,0
√∑,NodeAdd,0
√∏,NodeMux,0
√™,NodeStreamOffset,0
‡¨∫,NodeEqInlined,0
√©,NodeCast,0
√´,NodeAdd,0
√¨,NodeMux,0
√û,NodeStreamOffset,0
‡¨ª,NodeEqInlined,0
√ù,NodeCast,0
√ü,NodeAdd,0
√†,NodeMux,0
√í,NodeStreamOffset,0
‡¨º,NodeEqInlined,0
√ë,NodeCast,0
√ì,NodeAdd,0
√î,NodeMux,0
√Ü,NodeStreamOffset,0
‡¨Ω,NodeEqInlined,0
√Ö,NodeCast,0
√á,NodeAdd,0
√à,NodeMux,0
¬∫,NodeStreamOffset,0
‡¨æ,NodeEqInlined,0
¬π,NodeCast,0
¬ª,NodeAdd,0
¬º,NodeMux,0
¬Æ,NodeStreamOffset,0
‡¨ø,NodeEqInlined,0
¬≠,NodeCast,0
¬Ø,NodeAdd,0
¬∞,NodeMux,0
¬¢,NodeStreamOffset,0
‡≠Ä,NodeEqInlined,0
¬°,NodeCast,0
¬£,NodeAdd,0
¬§,NodeMux,0
¬ñ,NodeStreamOffset,0
‡≠Å,NodeEqInlined,0
¬ï,NodeCast,0
¬ó,NodeAdd,0
¬ò,NodeMux,0
¬ä,NodeStreamOffset,0
‡≠Ç,NodeEqInlined,0
¬â,NodeCast,0
¬ã,NodeAdd,0
¬å,NodeMux,0
~,NodeStreamOffset,0
‡≠É,NodeEqInlined,0
},NodeCast,0
,NodeAdd,0
¬Ä,NodeMux,0
‡±±,NodeCat,0
ﬁó,NodeOutput,0
‡ßπ,NodeCounter,0
‡ß∫,NodeStreamOffset,0
‡ßº,NodeOutputMappedReg,0
‡ßø,NodeCounter,0
‡±≤,NodeEqInlined,0
‡®Ä,NodeFlush,0
