,NodeEvalStreamOffset,0
’ê,NodeOutput,0
,NodePulse,0
,NodeMux,0
,NodeInput,0
,NodeSlice,0
,NodeReinterpret,0
d,NodeGte,0
’§,NodeSlice,0
’•,NodeNeqInlined,0
’¶,NodeSlice,0
’ß,NodeCat,0
+,NodeReinterpret,0
’£,NodeSlice,0
-,NodeReinterpret,0
ﬂΩ,NodeCondAddSub,0
’®,NodeGtInlined,0
’©,NodeSlice,0
1,NodeReinterpret,0
3,NodeSub,0
;,NodeAdd,0
<,NodeMux,0
’≠,NodeSlice,0
’Æ,NodeReinterpret,0
ﬂø,NodeCondAddSub,0
A,NodeSlice,0
‘û,NodeROM,0
‡†Å,NodeSlice,0
’™,NodeSlice,0
’´,NodeNot,0
’¨,NodeReinterpret,0
‡†Ç,NodeNot,0
‡†É,NodeXor,0
‡†Ä,NodeSlice,0
‡†Ñ,NodeCat,0
‡†Ö,NodeReinterpret,0
6,NodeSlice,0
8,NodeReinterpret,0
9,NodeCast,0
F,NodeCast,0
I,NodeSlice,0
‘å,NodeROM,0
‘ì,NodeSlice,0
‘î,NodeReinterpret,0
L,NodeSlice,0
‘ï,NodeROM,0
‘ú,NodeSlice,0
‘ù,NodeReinterpret,0
Q,NodeMux,0
G,NodeSlice,0
H,NodeReinterpret,0
J,NodeSlice,0
K,NodeReinterpret,0
M,NodeMux,0
R,NodeMul,0
‘ë,NodeSlice,0
‘í,NodeReinterpret,0
‘ö,NodeSlice,0
‘õ,NodeReinterpret,0
P,NodeMux,0
S,NodeAdd,0
T,NodeCast,0
U,NodeMul,0
‘è,NodeSlice,0
‘ê,NodeReinterpret,0
‘ò,NodeSlice,0
‘ô,NodeReinterpret,0
O,NodeMux,0
V,NodeAdd,0
W,NodeCast,0
X,NodeMul,0
‘ç,NodeSlice,0
‘é,NodeReinterpret,0
‘ñ,NodeSlice,0
‘ó,NodeReinterpret,0
N,NodeMux,0
Y,NodeAdd,0
Z,NodeCast,0
[,NodeCast,0
’Ø,NodeShift,0
^,NodeReinterpret,0
_,NodeMux,0
`,NodeCast,0
a,NodeMul,0
b,NodeAdd,0
f,NodeMux,0
h,NodeMul,0
i,NodeAdd,0
‡†Æ,NodeStreamOffset,0
”µ,NodeMux,0
	,NodeGt,0

,NodeOr,0
,NodeMux,0
k,NodeGt,0
”ò,NodeNot,0
“±,NodeNot,0
“ß,NodeMul,0
”ö,NodeNot,0
“ª,NodeNot,0
“º,NodeAnd,0
 ,NodeSlice,0
!,NodeReinterpret,0
y,NodeMul,0
{,NodeSub,0
},NodeAdd,0
~,NodeDiv,0
¬Ä,NodeSub,0
¬É,NodeGt,0
¬Ñ,NodeMux,0
¬Ö,NodeGt,0
¬Ü,NodeMux,0
¬à,NodeSub,0
¬ä,NodeSub,0
¬ã,NodeMul,0
¬å,NodeSqrt,0
",NodeSlice,0
#,NodeReinterpret,0
¬è,NodeMul,0
 ú,NodeSlice,0
’±,NodeEqInlined,0
€Ü,NodeSlice,0
’≥,NodeEqInlined,0
€á,NodeSlice,0
’µ,NodeNeqInlined,0
“¢,NodeAnd,0
“£,NodeOr,0
€à,NodeSlice,0
 °,NodeCat,0
 §,NodeReinterpret,0
€â,NodeSlice,0
 ¶,NodeReinterpret,0
ﬂ¨,NodeTriArith,0
ﬂ≠,NodeCast,0
’∏,NodeSlice,0
’π,NodeReinterpret,0
’∫,NodeSlice,0
’ª,NodeReinterpret,0
‡†á,NodeCondAddSub,0
 ≤,NodeSlice,0
 ≥,NodeReinterpret,0
 µ,NodeShift,0
 ¥,NodeShift,0
 ∂,NodeMux,0
 ∑,NodeSlice,0
 π,NodeReinterpret,0
 ∫,NodeMul,0
ÀÅ,NodeSlice,0
ÀÇ,NodeReinterpret,0
ÀÖ,NodeCast,0
ÀÜ,NodeLeading1Detect,0
Àá,NodeOneHotDecode,0
Àà,NodeCast,0
ﬂÆ,NodeTriArith,0
ﬂØ,NodeCast,0
Àô,NodeCast,0
Àõ,NodeAdd,0
’æ,NodeLtInlined,0
’ø,NodeGtInlined,0
Àû,NodeCast,0
ﬂ∞,NodeTriArith,0
ﬂ±,NodeCast,0
÷Ä,NodeGtInlined,0
Àì,NodeCast,0
Àî,NodeShift,0
Àï,NodeReinterpret,0
Àñ,NodeMux,0
Àò,NodeReinterpret,0
Àú,NodeCast,0
Àù,NodeSlice,0
÷Å,NodeCat,0
À¢,NodeReinterpret,0
À¶,NodeMux,0
À™,NodeMux,0
“ë,NodeLt,0
“ì,NodeGte,0
“î,NodeOr,0
 ö,NodeLt,0
 Ω,NodeSlice,0
 ø,NodeXor,0
ÀÄ,NodeMux,0
À´,NodeSlice,0
Àø,NodeSlice,0
ÃÄ,NodeReinterpret,0
ﬂ≤,NodeTriArith,0
÷Ç,NodeSlice,0
÷É,NodeReinterpret,0
À≤,NodeSlice,0
÷Ñ,NodeNeqInlined,0
À±,NodeSlice,0
÷Ö,NodeCat,0
À∏,NodeReinterpret,0
Àπ,NodeSlice,0
À∫,NodeReinterpret,0
‡†â,NodeCondAddSub,0
Àæ,NodeCat,0
Ãá,NodeCast,0
Ãà,NodeShift,0
Ãâ,NodeSlice,0
Ãä,NodeReinterpret,0
Ãå,NodeMux,0
‘±,NodeROM,0
‘∏,NodeSlice,0
‘π,NodeReinterpret,0
œà,NodeSlice,0
œâ,NodeReinterpret,0
ﬂ≥,NodeTriArith,0
÷Ü,NodeSlice,0
÷á,NodeReinterpret,0
Œª,NodeSlice,0
÷à,NodeNeqInlined,0
Œ∫,NodeSlice,0
÷â,NodeCat,0
œÅ,NodeReinterpret,0
œÇ,NodeSlice,0
œÉ,NodeReinterpret,0
‡†ã,NodeCondAddSub,0
œá,NodeCat,0
œê,NodeCast,0
œë,NodeShift,0
œí,NodeSlice,0
œì,NodeReinterpret,0
œï,NodeMux,0
‘∫,NodeROM,0
’Å,NodeSlice,0
’Ç,NodeReinterpret,0
“á,NodeMux,0
ﬂ®,NodePO2FPMult,0
Ãñ,NodeSlice,0
Ãè,NodeSlice,0
Ãê,NodeReinterpret,0
Ãí,NodeSub,0
÷ä,NodeGteInlined,0
÷ã,NodeLteInlined,0
Ãõ,NodeOr,0
÷å,NodeLteInlined,0
Œ≥,NodeCat,0
Œ¥,NodeReinterpret,0
Ã¶,NodeSub,0
÷ç,NodeLtInlined,0
€ä,NodeSlice,0
ŒØ,NodeMux,0
÷è,NodeLtInlined,0
€ã,NodeSlice,0
Œ©,NodeMux,0
÷ë,NodeLtInlined,0
€å,NodeSlice,0
Œ£,NodeMux,0
÷ì,NodeLtInlined,0
€ç,NodeSlice,0
Œù,NodeMux,0
÷ï,NodeLtInlined,0
€é,NodeSlice,0
Œó,NodeMux,0
÷ó,NodeLtInlined,0
€è,NodeSlice,0
Œë,NodeMux,0
÷ô,NodeLtInlined,0
€ê,NodeSlice,0
Œã,NodeMux,0
÷õ,NodeLtInlined,0
€ë,NodeSlice,0
ŒÖ,NodeMux,0
÷ù,NodeLtInlined,0
€í,NodeSlice,0
Õø,NodeMux,0
÷ü,NodeLtInlined,0
€ì,NodeSlice,0
Õπ,NodeMux,0
÷°,NodeLtInlined,0
€î,NodeSlice,0
Õ≥,NodeMux,0
÷£,NodeLtInlined,0
€ï,NodeSlice,0
Õ≠,NodeMux,0
÷•,NodeLtInlined,0
€ñ,NodeSlice,0
Õß,NodeMux,0
÷ß,NodeLtInlined,0
€ó,NodeSlice,0
Õ°,NodeMux,0
÷©,NodeLtInlined,0
€ò,NodeSlice,0
Õõ,NodeMux,0
÷´,NodeLtInlined,0
€ô,NodeSlice,0
Õï,NodeMux,0
÷≠,NodeLtInlined,0
€ö,NodeSlice,0
Õè,NodeMux,0
÷Ø,NodeLtInlined,0
€õ,NodeSlice,0
Õâ,NodeMux,0
÷±,NodeLtInlined,0
€ú,NodeSlice,0
ÕÉ,NodeMux,0
÷≥,NodeLtInlined,0
€ù,NodeSlice,0
ÃΩ,NodeMux,0
÷µ,NodeLtInlined,0
€û,NodeSlice,0
Ã∑,NodeMux,0
÷∑,NodeLtInlined,0
€ü,NodeSlice,0
Ã±,NodeMux,0
÷π,NodeLtInlined,0
€†,NodeSlice,0
Ã´,NodeMux,0
◊ê,NodeCat,0
Œ±,NodeCast,0
Œ≤,NodeShift,0
Ãî,NodeSlice,0
Ãï,NodeCat,0
Ãü,NodeNeg,0
Ã°,NodeSub,0
Ã¢,NodeCast,0
Ã£,NodeShift,0
Œµ,NodeMux,0
Œ∂,NodeNot,0
Œ∑,NodeMux,0
Œ∏,NodeReinterpret,0
Œπ,NodeCast,0
ﬂ©,NodePO2FPMult,0
œü,NodeSlice,0
œò,NodeSlice,0
œô,NodeReinterpret,0
œõ,NodeSub,0
◊ë,NodeGteInlined,0
◊í,NodeLteInlined,0
œ§,NodeOr,0
◊ì,NodeLteInlined,0
—º,NodeCat,0
—Ω,NodeReinterpret,0
œØ,NodeSub,0
◊î,NodeLtInlined,0
€°,NodeSlice,0
—∏,NodeMux,0
◊ñ,NodeLtInlined,0
€¢,NodeSlice,0
—≤,NodeMux,0
◊ò,NodeLtInlined,0
€£,NodeSlice,0
—¨,NodeMux,0
◊ö,NodeLtInlined,0
€§,NodeSlice,0
—¶,NodeMux,0
◊ú,NodeLtInlined,0
€•,NodeSlice,0
—†,NodeMux,0
◊û,NodeLtInlined,0
€¶,NodeSlice,0
—ö,NodeMux,0
◊†,NodeLtInlined,0
€ß,NodeSlice,0
—î,NodeMux,0
◊¢,NodeLtInlined,0
€®,NodeSlice,0
—é,NodeMux,0
◊§,NodeLtInlined,0
€©,NodeSlice,0
—à,NodeMux,0
◊¶,NodeLtInlined,0
€™,NodeSlice,0
—Ç,NodeMux,0
◊®,NodeLtInlined,0
€´,NodeSlice,0
–º,NodeMux,0
◊™,NodeLtInlined,0
€¨,NodeSlice,0
–∂,NodeMux,0
◊¨,NodeLtInlined,0
€≠,NodeSlice,0
–∞,NodeMux,0
◊Æ,NodeLtInlined,0
€Æ,NodeSlice,0
–™,NodeMux,0
◊∞,NodeLtInlined,0
€Ø,NodeSlice,0
–§,NodeMux,0
◊≤,NodeLtInlined,0
€∞,NodeSlice,0
–û,NodeMux,0
◊¥,NodeLtInlined,0
€±,NodeSlice,0
–ò,NodeMux,0
◊∂,NodeLtInlined,0
€≤,NodeSlice,0
–í,NodeMux,0
◊∏,NodeLtInlined,0
€≥,NodeSlice,0
–å,NodeMux,0
◊∫,NodeLtInlined,0
€¥,NodeSlice,0
–Ü,NodeMux,0
◊º,NodeLtInlined,0
€µ,NodeSlice,0
–Ä,NodeMux,0
◊æ,NodeLtInlined,0
€∂,NodeSlice,0
œ∫,NodeMux,0
ÿÄ,NodeLtInlined,0
€∑,NodeSlice,0
œ¥,NodeMux,0
ÿó,NodeCat,0
—∫,NodeCast,0
—ª,NodeShift,0
œù,NodeSlice,0
œû,NodeCat,0
œ®,NodeNeg,0
œ™,NodeSub,0
œ´,NodeCast,0
œ¨,NodeShift,0
—æ,NodeMux,0
—ø,NodeNot,0
“Ä,NodeMux,0
“Å,NodeReinterpret,0
“Ç,NodeCast,0
“É,NodeMux,0
“â,NodeMul,0
“à,NodeMul,0
“ä,NodeMul,0
‘∂,NodeSlice,0
‘∑,NodeReinterpret,0
‘ø,NodeSlice,0
’Ä,NodeReinterpret,0
“Ü,NodeMux,0
“ã,NodeMul,0
“å,NodeAdd,0
‘¥,NodeSlice,0
‘µ,NodeReinterpret,0
‘Ω,NodeSlice,0
‘æ,NodeReinterpret,0
“Ö,NodeMux,0
“ç,NodeMul,0
“é,NodeAdd,0
‘≤,NodeSlice,0
‘≥,NodeReinterpret,0
‘ª,NodeSlice,0
‘º,NodeReinterpret,0
“Ñ,NodeMux,0
“è,NodeAdd,0
“ñ,NodeMux,0
‡†ç,NodeSlice,0
’º,NodeEqInlined,0
’Ω,NodeEqInlined,0
À∞,NodeOr,0
‡†é,NodeXor,0
‡†å,NodeSlice,0
‡†è,NodeCat,0
‡†ê,NodeReinterpret,0
“•,NodeMux,0
“¶,NodeMul,0
”ú,NodeNot,0
”Ö,NodeNot,0
”Ü,NodeAnd,0
“¨,NodeNot,0
“≠,NodeAnd,0
“Æ,NodeSqrt,0
“∞,NodeMux,0
”á,NodeNeg,0
¬ë,NodeSlice,0
ÿô,NodeEqInlined,0
€∏,NodeSlice,0
ÿõ,NodeEqInlined,0
€π,NodeSlice,0
ÿù,NodeNeqInlined,0
 î,NodeAnd,0
 ï,NodeOr,0
€∫,NodeSlice,0
¬ñ,NodeCat,0
¬ô,NodeReinterpret,0
€ª,NodeSlice,0
¬õ,NodeReinterpret,0
ﬂ¥,NodeTriArith,0
ﬂµ,NodeCast,0
ÿ†,NodeSlice,0
ÿ°,NodeReinterpret,0
ÿ¢,NodeSlice,0
ÿ£,NodeReinterpret,0
‡†í,NodeCondAddSub,0
¬ß,NodeSlice,0
¬®,NodeReinterpret,0
¬™,NodeShift,0
¬©,NodeShift,0
¬´,NodeMux,0
¬¨,NodeSlice,0
¬Æ,NodeReinterpret,0
¬Ø,NodeMul,0
¬≥,NodeSlice,0
¬¥,NodeReinterpret,0
¬∑,NodeCast,0
¬∏,NodeLeading1Detect,0
¬π,NodeOneHotDecode,0
¬∫,NodeCast,0
ﬂ∂,NodeTriArith,0
ﬂ∑,NodeCast,0
√ã,NodeCast,0
√ç,NodeAdd,0
ÿ¶,NodeLtInlined,0
ÿß,NodeGtInlined,0
√ê,NodeCast,0
ﬂ∏,NodeTriArith,0
ﬂπ,NodeCast,0
ÿ®,NodeGtInlined,0
√Ö,NodeCast,0
√Ü,NodeShift,0
√á,NodeReinterpret,0
√à,NodeMux,0
√ä,NodeReinterpret,0
√é,NodeCast,0
√è,NodeSlice,0
ÿ©,NodeCat,0
√î,NodeReinterpret,0
√ò,NodeMux,0
√ú,NodeMux,0
 É,NodeLt,0
 Ö,NodeGte,0
 Ü,NodeOr,0
ÿ™,NodeSlice,0
√±,NodeSlice,0
√≤,NodeReinterpret,0
ﬂ∫,NodeTriArith,0
ÿ´,NodeSlice,0
ÿ¨,NodeReinterpret,0
√§,NodeSlice,0
ÿ≠,NodeNeqInlined,0
√£,NodeSlice,0
ÿÆ,NodeCat,0
√™,NodeReinterpret,0
√´,NodeSlice,0
√¨,NodeReinterpret,0
‡†î,NodeCondAddSub,0
√∞,NodeCat,0
√π,NodeCast,0
√∫,NodeShift,0
√ª,NodeSlice,0
√º,NodeReinterpret,0
√æ,NodeMux,0
‘ü,NodeROM,0
‘¶,NodeSlice,0
‘ß,NodeReinterpret,0
∆∫,NodeSlice,0
∆ª,NodeReinterpret,0
ﬂª,NodeTriArith,0
ÿØ,NodeSlice,0
ÿ∞,NodeReinterpret,0
∆≠,NodeSlice,0
ÿ±,NodeNeqInlined,0
∆¨,NodeSlice,0
ÿ≤,NodeCat,0
∆≥,NodeReinterpret,0
∆¥,NodeSlice,0
∆µ,NodeReinterpret,0
‡†ñ,NodeCondAddSub,0
∆π,NodeCat,0
«Ç,NodeCast,0
«É,NodeShift,0
«Ñ,NodeSlice,0
«Ö,NodeReinterpret,0
«á,NodeMux,0
‘®,NodeROM,0
‘Ø,NodeSlice,0
‘∞,NodeReinterpret,0
…π,NodeMux,0
ﬂ™,NodePO2FPMult,0
ƒà,NodeSlice,0
ƒÅ,NodeSlice,0
ƒÇ,NodeReinterpret,0
ƒÑ,NodeSub,0
ÿ≥,NodeGteInlined,0
ÿ¥,NodeLteInlined,0
ƒç,NodeOr,0
ÿµ,NodeLteInlined,0
∆•,NodeCat,0
∆¶,NodeReinterpret,0
ƒò,NodeSub,0
ÿ∂,NodeLtInlined,0
€º,NodeSlice,0
∆°,NodeMux,0
ÿ∏,NodeLtInlined,0
€Ω,NodeSlice,0
∆õ,NodeMux,0
ÿ∫,NodeLtInlined,0
€æ,NodeSlice,0
∆ï,NodeMux,0
ÿº,NodeLtInlined,0
€ø,NodeSlice,0
∆è,NodeMux,0
ÿæ,NodeLtInlined,0
‹Ä,NodeSlice,0
∆â,NodeMux,0
ŸÄ,NodeLtInlined,0
‹Å,NodeSlice,0
∆É,NodeMux,0
ŸÇ,NodeLtInlined,0
‹Ç,NodeSlice,0
≈Ω,NodeMux,0
ŸÑ,NodeLtInlined,0
‹É,NodeSlice,0
≈∑,NodeMux,0
ŸÜ,NodeLtInlined,0
‹Ñ,NodeSlice,0
≈±,NodeMux,0
Ÿà,NodeLtInlined,0
‹Ö,NodeSlice,0
≈´,NodeMux,0
Ÿä,NodeLtInlined,0
‹Ü,NodeSlice,0
≈•,NodeMux,0
Ÿå,NodeLtInlined,0
‹á,NodeSlice,0
≈ü,NodeMux,0
Ÿé,NodeLtInlined,0
‹à,NodeSlice,0
≈ô,NodeMux,0
Ÿê,NodeLtInlined,0
‹â,NodeSlice,0
≈ì,NodeMux,0
Ÿí,NodeLtInlined,0
‹ä,NodeSlice,0
≈ç,NodeMux,0
Ÿî,NodeLtInlined,0
‹ã,NodeSlice,0
≈á,NodeMux,0
Ÿñ,NodeLtInlined,0
‹å,NodeSlice,0
≈Å,NodeMux,0
Ÿò,NodeLtInlined,0
‹ç,NodeSlice,0
ƒª,NodeMux,0
Ÿö,NodeLtInlined,0
‹é,NodeSlice,0
ƒµ,NodeMux,0
Ÿú,NodeLtInlined,0
‹è,NodeSlice,0
ƒØ,NodeMux,0
Ÿû,NodeLtInlined,0
‹ê,NodeSlice,0
ƒ©,NodeMux,0
Ÿ†,NodeLtInlined,0
‹ë,NodeSlice,0
ƒ£,NodeMux,0
Ÿ¢,NodeLtInlined,0
‹í,NodeSlice,0
ƒù,NodeMux,0
Ÿπ,NodeCat,0
∆£,NodeCast,0
∆§,NodeShift,0
ƒÜ,NodeSlice,0
ƒá,NodeCat,0
ƒë,NodeNeg,0
ƒì,NodeSub,0
ƒî,NodeCast,0
ƒï,NodeShift,0
∆ß,NodeMux,0
∆®,NodeNot,0
∆©,NodeMux,0
∆™,NodeReinterpret,0
∆´,NodeCast,0
ﬂ´,NodePO2FPMult,0
«ë,NodeSlice,0
«ä,NodeSlice,0
«ã,NodeReinterpret,0
«ç,NodeSub,0
Ÿ∫,NodeGteInlined,0
Ÿª,NodeLteInlined,0
«ñ,NodeOr,0
Ÿº,NodeLteInlined,0
…Æ,NodeCat,0
…Ø,NodeReinterpret,0
«°,NodeSub,0
ŸΩ,NodeLtInlined,0
‹ì,NodeSlice,0
…™,NodeMux,0
Ÿø,NodeLtInlined,0
‹î,NodeSlice,0
…§,NodeMux,0
⁄Å,NodeLtInlined,0
‹ï,NodeSlice,0
…û,NodeMux,0
⁄É,NodeLtInlined,0
‹ñ,NodeSlice,0
…ò,NodeMux,0
⁄Ö,NodeLtInlined,0
‹ó,NodeSlice,0
…í,NodeMux,0
⁄á,NodeLtInlined,0
‹ò,NodeSlice,0
…å,NodeMux,0
⁄â,NodeLtInlined,0
‹ô,NodeSlice,0
…Ü,NodeMux,0
⁄ã,NodeLtInlined,0
‹ö,NodeSlice,0
…Ä,NodeMux,0
⁄ç,NodeLtInlined,0
‹õ,NodeSlice,0
»∫,NodeMux,0
⁄è,NodeLtInlined,0
‹ú,NodeSlice,0
»¥,NodeMux,0
⁄ë,NodeLtInlined,0
‹ù,NodeSlice,0
»Æ,NodeMux,0
⁄ì,NodeLtInlined,0
‹û,NodeSlice,0
»®,NodeMux,0
⁄ï,NodeLtInlined,0
‹ü,NodeSlice,0
»¢,NodeMux,0
⁄ó,NodeLtInlined,0
‹†,NodeSlice,0
»ú,NodeMux,0
⁄ô,NodeLtInlined,0
‹°,NodeSlice,0
»ñ,NodeMux,0
⁄õ,NodeLtInlined,0
‹¢,NodeSlice,0
»ê,NodeMux,0
⁄ù,NodeLtInlined,0
‹£,NodeSlice,0
»ä,NodeMux,0
⁄ü,NodeLtInlined,0
‹§,NodeSlice,0
»Ñ,NodeMux,0
⁄°,NodeLtInlined,0
‹•,NodeSlice,0
«æ,NodeMux,0
⁄£,NodeLtInlined,0
‹¶,NodeSlice,0
«∏,NodeMux,0
⁄•,NodeLtInlined,0
‹ß,NodeSlice,0
«≤,NodeMux,0
⁄ß,NodeLtInlined,0
‹®,NodeSlice,0
«¨,NodeMux,0
⁄©,NodeLtInlined,0
‹©,NodeSlice,0
«¶,NodeMux,0
€Ä,NodeCat,0
…¨,NodeCast,0
…≠,NodeShift,0
«è,NodeSlice,0
«ê,NodeCat,0
«ö,NodeNeg,0
«ú,NodeSub,0
«ù,NodeCast,0
«û,NodeShift,0
…∞,NodeMux,0
…±,NodeNot,0
…≤,NodeMux,0
…≥,NodeReinterpret,0
…¥,NodeCast,0
…µ,NodeMux,0
…ª,NodeMul,0
…∫,NodeMul,0
…º,NodeMul,0
‘§,NodeSlice,0
‘•,NodeReinterpret,0
‘≠,NodeSlice,0
‘Æ,NodeReinterpret,0
…∏,NodeMux,0
…Ω,NodeMul,0
…æ,NodeAdd,0
‘¢,NodeSlice,0
‘£,NodeReinterpret,0
‘´,NodeSlice,0
‘¨,NodeReinterpret,0
…∑,NodeMux,0
…ø,NodeMul,0
 Ä,NodeAdd,0
‘†,NodeSlice,0
‘°,NodeReinterpret,0
‘©,NodeSlice,0
‘™,NodeReinterpret,0
…∂,NodeMux,0
 Å,NodeAdd,0
 à,NodeMux,0
‡†ò,NodeSlice,0
¬≤,NodeSlice,0
ÿ§,NodeEqInlined,0
ÿ•,NodeEqInlined,0
√¢,NodeOr,0
‡†ô,NodeXor,0
‡†ó,NodeSlice,0
‡†ö,NodeCat,0
‡†õ,NodeReinterpret,0
 ó,NodeMux,0
 ò,NodeMul,0
”à,NodeMul,0
”â,NodeMul,0
”ä,NodeAdd,0
”ã,NodeMux,0
‡†ù,NodeSlice,0
”î,NodeNot,0
”ç,NodeLt,0
”é,NodeNot,0
”è,NodeAnd,0
”ï,NodeAnd,0
‡†û,NodeXor,0
‡†ú,NodeSlice,0
‡†ü,NodeCat,0
‡††,NodeReinterpret,0
”ù,NodeMux,0
‡†Ø,NodeStreamOffset,0
”±,NodeMux,0
,NodeMux,0
“Ω,NodeMul,0
“æ,NodeMul,0
“ø,NodeMul,0
”Ä,NodeSub,0
”Å,NodeDiv,0
”Ç,NodeMul,0
”É,NodeAdd,0
”Ñ,NodeMux,0
”õ,NodeMux,0
‡†∞,NodeStreamOffset,0
”Ø,NodeMux,0
,NodeMux,0
“®,NodeMul,0
“©,NodeAdd,0
“´,NodeGt,0
“≤,NodeAnd,0
“≥,NodeMul,0
“¥,NodeMul,0
“µ,NodeMul,0
“∂,NodeSub,0
“∑,NodeDiv,0
“∏,NodeMul,0
“π,NodeAdd,0
“∫,NodeMux,0
‡†¢,NodeSlice,0
”ê,NodeNot,0
”ë,NodeAnd,0
‡†£,NodeXor,0
‡†°,NodeSlice,0
‡†§,NodeCat,0
‡†•,NodeReinterpret,0
”ô,NodeMux,0
‡†±,NodeStreamOffset,0
”≠,NodeMux,0
,NodeMux,0
u,NodeAdd,0
‡†≤,NodeStreamOffset,0
”≥,NodeMux,0
,NodeMux,0
m,NodeSub,0
n,NodeMux,0
o,NodeMul,0
p,NodeAdd,0
‡†≥,NodeStreamOffset,0
”ß,NodeMux,0
’ë,NodeOutput,0
,NodeMux,0
s,NodeMul,0
t,NodeAdd,0
‡†¥,NodeStreamOffset,0
”´,NodeMux,0
’í,NodeOutput,0
’ì,NodeOutput,0
’î,NodeOutput,0
’ï,NodeOutput,0
’ñ,NodeOutput,0
’ó,NodeOutput,0
’ò,NodeOutput,0
’ô,NodeOutput,0
’ö,NodeOutput,0
’õ,NodeOutput,0
’ú,NodeOutput,0
‡†µ,NodeStreamOffset,0
”©,NodeMux,0
,NodeMux,0
q,NodeMul,0
r,NodeAdd,0
’ù,NodeOutput,0
’û,NodeOutput,0
’ü,NodeOutput,0
’†,NodeOutput,0
’°,NodeOutput,0
’¢,NodeOutput,0
,NodeWatch,0
w,NodePrintf,0
”∑,NodeGt,0
”∫,NodePrintf,0
”Ω,NodeAnd,0
€Ö,NodeCat,0
”æ,NodeOutput,0
’Ö,NodeCounter,0
’Ü,NodeStreamOffset,0
’à,NodeOutputMappedReg,0
’å,NodeFlush,0
