,NodeEvalStreamOffset,198
’ê,NodeOutput,198
,NodePulse,104
,NodeMux,141
,NodeInput,0
,NodeSlice,5
,NodeReinterpret,5
d,NodeGte,5
’§,NodeSlice,5
’•,NodeNeqInlined,5
’¶,NodeSlice,5
’ß,NodeCat,6
+,NodeReinterpret,6
’£,NodeSlice,5
-,NodeReinterpret,5
ﬂΩ,NodeCondAddSub,6
’®,NodeGtInlined,7
’©,NodeSlice,5
1,NodeReinterpret,5
3,NodeSub,7
;,NodeAdd,8
<,NodeMux,9
’≠,NodeSlice,10
’Æ,NodeReinterpret,10
ﬂø,NodeCondAddSub,10
A,NodeSlice,11
‘û,NodeROM,40
‡†Å,NodeSlice,42
’™,NodeSlice,10
’´,NodeNot,10
’¨,NodeReinterpret,10
‡†Ç,NodeNot,10
‡†É,NodeXor,42
‡†Ä,NodeSlice,42
‡†Ñ,NodeCat,42
‡†Ö,NodeReinterpret,42
6,NodeSlice,7
8,NodeReinterpret,7
9,NodeCast,7
F,NodeCast,7
I,NodeSlice,7
‘å,NodeROM,7
‘ì,NodeSlice,9
‘î,NodeReinterpret,9
L,NodeSlice,7
‘ï,NodeROM,7
‘ú,NodeSlice,9
‘ù,NodeReinterpret,9
Q,NodeMux,9
G,NodeSlice,9
H,NodeReinterpret,9
J,NodeSlice,9
K,NodeReinterpret,9
M,NodeMux,9
R,NodeMul,10
‘ë,NodeSlice,9
‘í,NodeReinterpret,9
‘ö,NodeSlice,9
‘õ,NodeReinterpret,9
P,NodeMux,9
S,NodeAdd,14
T,NodeCast,15
U,NodeMul,16
‘è,NodeSlice,9
‘ê,NodeReinterpret,9
‘ò,NodeSlice,9
‘ô,NodeReinterpret,9
O,NodeMux,9
V,NodeAdd,20
W,NodeCast,21
X,NodeMul,22
‘ç,NodeSlice,9
‘é,NodeReinterpret,9
‘ñ,NodeSlice,9
‘ó,NodeReinterpret,9
N,NodeMux,9
Y,NodeAdd,26
Z,NodeCast,27
[,NodeCast,28
’Ø,NodeShift,9
^,NodeReinterpret,9
_,NodeMux,9
`,NodeCast,28
a,NodeMul,34
b,NodeAdd,42
f,NodeMux,54
h,NodeMul,55
i,NodeAdd,142
‡†Æ,NodeStreamOffset,195
”µ,NodeMux,104
	,NodeGt,105

,NodeOr,107
,NodeMux,186
k,NodeGt,153
”ò,NodeNot,197
“±,NodeNot,195
“ß,NodeMul,109
”ö,NodeNot,197
“ª,NodeNot,195
“º,NodeAnd,195
 ,NodeSlice,5
!,NodeReinterpret,5
y,NodeMul,5
{,NodeSub,5
},NodeAdd,16
~,NodeDiv,27
¬Ä,NodeSub,55
¬É,NodeGt,66
¬Ñ,NodeMux,68
¬Ö,NodeGt,69
¬Ü,NodeMux,71
¬à,NodeSub,72
¬ä,NodeSub,83
¬ã,NodeMul,94
¬å,NodeSqrt,102
",NodeSlice,5
#,NodeReinterpret,5
¬è,NodeMul,33
 ú,NodeSlice,48
’±,NodeEqInlined,48
€Ü,NodeSlice,47
’≥,NodeEqInlined,47
€á,NodeSlice,47
’µ,NodeNeqInlined,47
“¢,NodeAnd,48
“£,NodeOr,49
€à,NodeSlice,48
 °,NodeCat,48
 §,NodeReinterpret,48
€â,NodeSlice,41
 ¶,NodeReinterpret,41
ﬂ¨,NodeTriArith,41
ﬂ≠,NodeCast,42
’∏,NodeSlice,42
’π,NodeReinterpret,42
’∫,NodeSlice,42
’ª,NodeReinterpret,42
‡†á,NodeCondAddSub,42
 ≤,NodeSlice,43
 ≥,NodeReinterpret,43
 µ,NodeShift,43
 ¥,NodeShift,43
 ∂,NodeMux,47
 ∑,NodeSlice,48
 π,NodeReinterpret,48
 ∫,NodeMul,48
ÀÅ,NodeSlice,49
ÀÇ,NodeReinterpret,49
ÀÖ,NodeCast,49
ÀÜ,NodeLeading1Detect,49
Àá,NodeOneHotDecode,50
Àà,NodeCast,51
ﬂÆ,NodeTriArith,51
ﬂØ,NodeCast,52
Àô,NodeCast,56
Àõ,NodeAdd,56
’æ,NodeLtInlined,57
’ø,NodeGtInlined,57
Àû,NodeCast,57
ﬂ∞,NodeTriArith,51
ﬂ±,NodeCast,52
÷Ä,NodeGtInlined,52
Àì,NodeCast,52
Àî,NodeShift,52
Àï,NodeReinterpret,56
Àñ,NodeMux,56
Àò,NodeReinterpret,57
Àú,NodeCast,57
Àù,NodeSlice,58
÷Å,NodeCat,58
À¢,NodeReinterpret,58
À¶,NodeMux,58
À™,NodeMux,59
“ë,NodeLt,61
“ì,NodeGte,61
“î,NodeOr,63
 ö,NodeLt,48
 Ω,NodeSlice,49
 ø,NodeXor,49
ÀÄ,NodeMux,50
À´,NodeSlice,51
Àø,NodeSlice,61
ÃÄ,NodeReinterpret,61
ﬂ≤,NodeTriArith,61
÷Ç,NodeSlice,62
÷É,NodeReinterpret,62
À≤,NodeSlice,60
÷Ñ,NodeNeqInlined,60
À±,NodeSlice,61
÷Ö,NodeCat,61
À∏,NodeReinterpret,61
Àπ,NodeSlice,61
À∫,NodeReinterpret,61
‡†â,NodeCondAddSub,61
Àæ,NodeCat,62
Ãá,NodeCast,62
Ãà,NodeShift,62
Ãâ,NodeSlice,66
Ãä,NodeReinterpret,66
Ãå,NodeMux,66
‘±,NodeROM,76
‘∏,NodeSlice,78
‘π,NodeReinterpret,78
œà,NodeSlice,61
œâ,NodeReinterpret,61
ﬂ≥,NodeTriArith,61
÷Ü,NodeSlice,62
÷á,NodeReinterpret,62
Œª,NodeSlice,60
÷à,NodeNeqInlined,60
Œ∫,NodeSlice,61
÷â,NodeCat,61
œÅ,NodeReinterpret,61
œÇ,NodeSlice,61
œÉ,NodeReinterpret,61
‡†ã,NodeCondAddSub,61
œá,NodeCat,62
œê,NodeCast,62
œë,NodeShift,62
œí,NodeSlice,66
œì,NodeReinterpret,66
œï,NodeMux,66
‘∫,NodeROM,76
’Å,NodeSlice,78
’Ç,NodeReinterpret,78
“á,NodeMux,78
ﬂ®,NodePO2FPMult,60
Ãñ,NodeSlice,64
Ãè,NodeSlice,61
Ãê,NodeReinterpret,61
Ãí,NodeSub,61
÷ä,NodeGteInlined,62
÷ã,NodeLteInlined,62
Ãõ,NodeOr,63
÷å,NodeLteInlined,62
Œ≥,NodeCat,64
Œ¥,NodeReinterpret,64
Ã¶,NodeSub,62
÷ç,NodeLtInlined,63
€ä,NodeSlice,64
ŒØ,NodeMux,64
÷è,NodeLtInlined,63
€ã,NodeSlice,64
Œ©,NodeMux,64
÷ë,NodeLtInlined,63
€å,NodeSlice,64
Œ£,NodeMux,64
÷ì,NodeLtInlined,63
€ç,NodeSlice,64
Œù,NodeMux,64
÷ï,NodeLtInlined,63
€é,NodeSlice,64
Œó,NodeMux,64
÷ó,NodeLtInlined,63
€è,NodeSlice,64
Œë,NodeMux,64
÷ô,NodeLtInlined,63
€ê,NodeSlice,64
Œã,NodeMux,64
÷õ,NodeLtInlined,63
€ë,NodeSlice,64
ŒÖ,NodeMux,64
÷ù,NodeLtInlined,63
€í,NodeSlice,64
Õø,NodeMux,64
÷ü,NodeLtInlined,63
€ì,NodeSlice,64
Õπ,NodeMux,64
÷°,NodeLtInlined,63
€î,NodeSlice,64
Õ≥,NodeMux,64
÷£,NodeLtInlined,63
€ï,NodeSlice,64
Õ≠,NodeMux,64
÷•,NodeLtInlined,63
€ñ,NodeSlice,64
Õß,NodeMux,64
÷ß,NodeLtInlined,63
€ó,NodeSlice,64
Õ°,NodeMux,64
÷©,NodeLtInlined,63
€ò,NodeSlice,64
Õõ,NodeMux,64
÷´,NodeLtInlined,63
€ô,NodeSlice,64
Õï,NodeMux,64
÷≠,NodeLtInlined,63
€ö,NodeSlice,64
Õè,NodeMux,64
÷Ø,NodeLtInlined,63
€õ,NodeSlice,64
Õâ,NodeMux,64
÷±,NodeLtInlined,63
€ú,NodeSlice,64
ÕÉ,NodeMux,64
÷≥,NodeLtInlined,63
€ù,NodeSlice,64
ÃΩ,NodeMux,64
÷µ,NodeLtInlined,63
€û,NodeSlice,64
Ã∑,NodeMux,64
÷∑,NodeLtInlined,63
€ü,NodeSlice,64
Ã±,NodeMux,64
÷π,NodeLtInlined,63
€†,NodeSlice,64
Ã´,NodeMux,64
◊ê,NodeCat,65
Œ±,NodeCast,62
Œ≤,NodeShift,65
Ãî,NodeSlice,64
Ãï,NodeCat,64
Ãü,NodeNeg,62
Ã°,NodeSub,63
Ã¢,NodeCast,64
Ã£,NodeShift,64
Œµ,NodeMux,69
Œ∂,NodeNot,70
Œ∑,NodeMux,70
Œ∏,NodeReinterpret,71
Œπ,NodeCast,71
ﬂ©,NodePO2FPMult,60
œü,NodeSlice,64
œò,NodeSlice,61
œô,NodeReinterpret,61
œõ,NodeSub,61
◊ë,NodeGteInlined,62
◊í,NodeLteInlined,62
œ§,NodeOr,63
◊ì,NodeLteInlined,62
—º,NodeCat,64
—Ω,NodeReinterpret,64
œØ,NodeSub,62
◊î,NodeLtInlined,63
€°,NodeSlice,64
—∏,NodeMux,64
◊ñ,NodeLtInlined,63
€¢,NodeSlice,64
—≤,NodeMux,64
◊ò,NodeLtInlined,63
€£,NodeSlice,64
—¨,NodeMux,64
◊ö,NodeLtInlined,63
€§,NodeSlice,64
—¶,NodeMux,64
◊ú,NodeLtInlined,63
€•,NodeSlice,64
—†,NodeMux,64
◊û,NodeLtInlined,63
€¶,NodeSlice,64
—ö,NodeMux,64
◊†,NodeLtInlined,63
€ß,NodeSlice,64
—î,NodeMux,64
◊¢,NodeLtInlined,63
€®,NodeSlice,64
—é,NodeMux,64
◊§,NodeLtInlined,63
€©,NodeSlice,64
—à,NodeMux,64
◊¶,NodeLtInlined,63
€™,NodeSlice,64
—Ç,NodeMux,64
◊®,NodeLtInlined,63
€´,NodeSlice,64
–º,NodeMux,64
◊™,NodeLtInlined,63
€¨,NodeSlice,64
–∂,NodeMux,64
◊¨,NodeLtInlined,63
€≠,NodeSlice,64
–∞,NodeMux,64
◊Æ,NodeLtInlined,63
€Æ,NodeSlice,64
–™,NodeMux,64
◊∞,NodeLtInlined,63
€Ø,NodeSlice,64
–§,NodeMux,64
◊≤,NodeLtInlined,63
€∞,NodeSlice,64
–û,NodeMux,64
◊¥,NodeLtInlined,63
€±,NodeSlice,64
–ò,NodeMux,64
◊∂,NodeLtInlined,63
€≤,NodeSlice,64
–í,NodeMux,64
◊∏,NodeLtInlined,63
€≥,NodeSlice,64
–å,NodeMux,64
◊∫,NodeLtInlined,63
€¥,NodeSlice,64
–Ü,NodeMux,64
◊º,NodeLtInlined,63
€µ,NodeSlice,64
–Ä,NodeMux,64
◊æ,NodeLtInlined,63
€∂,NodeSlice,64
œ∫,NodeMux,64
ÿÄ,NodeLtInlined,63
€∑,NodeSlice,64
œ¥,NodeMux,64
ÿó,NodeCat,65
—∫,NodeCast,62
—ª,NodeShift,65
œù,NodeSlice,64
œû,NodeCat,64
œ®,NodeNeg,62
œ™,NodeSub,63
œ´,NodeCast,64
œ¨,NodeShift,64
—æ,NodeMux,69
—ø,NodeNot,70
“Ä,NodeMux,70
“Å,NodeReinterpret,71
“Ç,NodeCast,71
“É,NodeMux,78
“â,NodeMul,79
“à,NodeMul,79
“ä,NodeMul,87
‘∂,NodeSlice,78
‘∑,NodeReinterpret,78
‘ø,NodeSlice,78
’Ä,NodeReinterpret,78
“Ü,NodeMux,78
“ã,NodeMul,87
“å,NodeAdd,95
‘¥,NodeSlice,78
‘µ,NodeReinterpret,78
‘Ω,NodeSlice,78
‘æ,NodeReinterpret,78
“Ö,NodeMux,78
“ç,NodeMul,79
“é,NodeAdd,106
‘≤,NodeSlice,78
‘≥,NodeReinterpret,78
‘ª,NodeSlice,78
‘º,NodeReinterpret,78
“Ñ,NodeMux,78
“è,NodeAdd,117
“ñ,NodeMux,128
‡†ç,NodeSlice,129
’º,NodeEqInlined,51
’Ω,NodeEqInlined,51
À∞,NodeOr,52
‡†é,NodeXor,129
‡†å,NodeSlice,129
‡†è,NodeCat,129
‡†ê,NodeReinterpret,129
“•,NodeMux,129
“¶,NodeMul,130
”ú,NodeNot,179
”Ö,NodeNot,175
”Ü,NodeAnd,175
“¨,NodeNot,155
“≠,NodeAnd,155
“Æ,NodeSqrt,128
“∞,NodeMux,156
”á,NodeNeg,157
¬ë,NodeSlice,48
ÿô,NodeEqInlined,48
€∏,NodeSlice,47
ÿõ,NodeEqInlined,47
€π,NodeSlice,47
ÿù,NodeNeqInlined,47
 î,NodeAnd,48
 ï,NodeOr,49
€∫,NodeSlice,48
¬ñ,NodeCat,48
¬ô,NodeReinterpret,48
€ª,NodeSlice,41
¬õ,NodeReinterpret,41
ﬂ¥,NodeTriArith,41
ﬂµ,NodeCast,42
ÿ†,NodeSlice,42
ÿ°,NodeReinterpret,42
ÿ¢,NodeSlice,42
ÿ£,NodeReinterpret,42
‡†í,NodeCondAddSub,42
¬ß,NodeSlice,43
¬®,NodeReinterpret,43
¬™,NodeShift,43
¬©,NodeShift,43
¬´,NodeMux,47
¬¨,NodeSlice,48
¬Æ,NodeReinterpret,48
¬Ø,NodeMul,48
¬≥,NodeSlice,49
¬¥,NodeReinterpret,49
¬∑,NodeCast,49
¬∏,NodeLeading1Detect,49
¬π,NodeOneHotDecode,50
¬∫,NodeCast,51
ﬂ∂,NodeTriArith,51
ﬂ∑,NodeCast,52
√ã,NodeCast,56
√ç,NodeAdd,56
ÿ¶,NodeLtInlined,57
ÿß,NodeGtInlined,57
√ê,NodeCast,57
ﬂ∏,NodeTriArith,51
ﬂπ,NodeCast,52
ÿ®,NodeGtInlined,52
√Ö,NodeCast,52
√Ü,NodeShift,52
√á,NodeReinterpret,56
√à,NodeMux,56
√ä,NodeReinterpret,57
√é,NodeCast,57
√è,NodeSlice,58
ÿ©,NodeCat,58
√î,NodeReinterpret,58
√ò,NodeMux,58
√ú,NodeMux,59
 É,NodeLt,61
 Ö,NodeGte,61
 Ü,NodeOr,63
ÿ™,NodeSlice,49
√±,NodeSlice,61
√≤,NodeReinterpret,61
ﬂ∫,NodeTriArith,61
ÿ´,NodeSlice,62
ÿ¨,NodeReinterpret,62
√§,NodeSlice,60
ÿ≠,NodeNeqInlined,60
√£,NodeSlice,61
ÿÆ,NodeCat,61
√™,NodeReinterpret,61
√´,NodeSlice,61
√¨,NodeReinterpret,61
‡†î,NodeCondAddSub,61
√∞,NodeCat,62
√π,NodeCast,62
√∫,NodeShift,62
√ª,NodeSlice,66
√º,NodeReinterpret,66
√æ,NodeMux,66
‘ü,NodeROM,76
‘¶,NodeSlice,78
‘ß,NodeReinterpret,78
∆∫,NodeSlice,61
∆ª,NodeReinterpret,61
ﬂª,NodeTriArith,61
ÿØ,NodeSlice,62
ÿ∞,NodeReinterpret,62
∆≠,NodeSlice,60
ÿ±,NodeNeqInlined,60
∆¨,NodeSlice,61
ÿ≤,NodeCat,61
∆≥,NodeReinterpret,61
∆¥,NodeSlice,61
∆µ,NodeReinterpret,61
‡†ñ,NodeCondAddSub,61
∆π,NodeCat,62
«Ç,NodeCast,62
«É,NodeShift,62
«Ñ,NodeSlice,66
«Ö,NodeReinterpret,66
«á,NodeMux,66
‘®,NodeROM,76
‘Ø,NodeSlice,78
‘∞,NodeReinterpret,78
…π,NodeMux,78
ﬂ™,NodePO2FPMult,60
ƒà,NodeSlice,64
ƒÅ,NodeSlice,61
ƒÇ,NodeReinterpret,61
ƒÑ,NodeSub,61
ÿ≥,NodeGteInlined,62
ÿ¥,NodeLteInlined,62
ƒç,NodeOr,63
ÿµ,NodeLteInlined,62
∆•,NodeCat,64
∆¶,NodeReinterpret,64
ƒò,NodeSub,62
ÿ∂,NodeLtInlined,63
€º,NodeSlice,64
∆°,NodeMux,64
ÿ∏,NodeLtInlined,63
€Ω,NodeSlice,64
∆õ,NodeMux,64
ÿ∫,NodeLtInlined,63
€æ,NodeSlice,64
∆ï,NodeMux,64
ÿº,NodeLtInlined,63
€ø,NodeSlice,64
∆è,NodeMux,64
ÿæ,NodeLtInlined,63
‹Ä,NodeSlice,64
∆â,NodeMux,64
ŸÄ,NodeLtInlined,63
‹Å,NodeSlice,64
∆É,NodeMux,64
ŸÇ,NodeLtInlined,63
‹Ç,NodeSlice,64
≈Ω,NodeMux,64
ŸÑ,NodeLtInlined,63
‹É,NodeSlice,64
≈∑,NodeMux,64
ŸÜ,NodeLtInlined,63
‹Ñ,NodeSlice,64
≈±,NodeMux,64
Ÿà,NodeLtInlined,63
‹Ö,NodeSlice,64
≈´,NodeMux,64
Ÿä,NodeLtInlined,63
‹Ü,NodeSlice,64
≈•,NodeMux,64
Ÿå,NodeLtInlined,63
‹á,NodeSlice,64
≈ü,NodeMux,64
Ÿé,NodeLtInlined,63
‹à,NodeSlice,64
≈ô,NodeMux,64
Ÿê,NodeLtInlined,63
‹â,NodeSlice,64
≈ì,NodeMux,64
Ÿí,NodeLtInlined,63
‹ä,NodeSlice,64
≈ç,NodeMux,64
Ÿî,NodeLtInlined,63
‹ã,NodeSlice,64
≈á,NodeMux,64
Ÿñ,NodeLtInlined,63
‹å,NodeSlice,64
≈Å,NodeMux,64
Ÿò,NodeLtInlined,63
‹ç,NodeSlice,64
ƒª,NodeMux,64
Ÿö,NodeLtInlined,63
‹é,NodeSlice,64
ƒµ,NodeMux,64
Ÿú,NodeLtInlined,63
‹è,NodeSlice,64
ƒØ,NodeMux,64
Ÿû,NodeLtInlined,63
‹ê,NodeSlice,64
ƒ©,NodeMux,64
Ÿ†,NodeLtInlined,63
‹ë,NodeSlice,64
ƒ£,NodeMux,64
Ÿ¢,NodeLtInlined,63
‹í,NodeSlice,64
ƒù,NodeMux,64
Ÿπ,NodeCat,65
∆£,NodeCast,62
∆§,NodeShift,65
ƒÜ,NodeSlice,64
ƒá,NodeCat,64
ƒë,NodeNeg,62
ƒì,NodeSub,63
ƒî,NodeCast,64
ƒï,NodeShift,64
∆ß,NodeMux,69
∆®,NodeNot,70
∆©,NodeMux,70
∆™,NodeReinterpret,71
∆´,NodeCast,71
ﬂ´,NodePO2FPMult,60
«ë,NodeSlice,64
«ä,NodeSlice,61
«ã,NodeReinterpret,61
«ç,NodeSub,61
Ÿ∫,NodeGteInlined,62
Ÿª,NodeLteInlined,62
«ñ,NodeOr,63
Ÿº,NodeLteInlined,62
…Æ,NodeCat,64
…Ø,NodeReinterpret,64
«°,NodeSub,62
ŸΩ,NodeLtInlined,63
‹ì,NodeSlice,64
…™,NodeMux,64
Ÿø,NodeLtInlined,63
‹î,NodeSlice,64
…§,NodeMux,64
⁄Å,NodeLtInlined,63
‹ï,NodeSlice,64
…û,NodeMux,64
⁄É,NodeLtInlined,63
‹ñ,NodeSlice,64
…ò,NodeMux,64
⁄Ö,NodeLtInlined,63
‹ó,NodeSlice,64
…í,NodeMux,64
⁄á,NodeLtInlined,63
‹ò,NodeSlice,64
…å,NodeMux,64
⁄â,NodeLtInlined,63
‹ô,NodeSlice,64
…Ü,NodeMux,64
⁄ã,NodeLtInlined,63
‹ö,NodeSlice,64
…Ä,NodeMux,64
⁄ç,NodeLtInlined,63
‹õ,NodeSlice,64
»∫,NodeMux,64
⁄è,NodeLtInlined,63
‹ú,NodeSlice,64
»¥,NodeMux,64
⁄ë,NodeLtInlined,63
‹ù,NodeSlice,64
»Æ,NodeMux,64
⁄ì,NodeLtInlined,63
‹û,NodeSlice,64
»®,NodeMux,64
⁄ï,NodeLtInlined,63
‹ü,NodeSlice,64
»¢,NodeMux,64
⁄ó,NodeLtInlined,63
‹†,NodeSlice,64
»ú,NodeMux,64
⁄ô,NodeLtInlined,63
‹°,NodeSlice,64
»ñ,NodeMux,64
⁄õ,NodeLtInlined,63
‹¢,NodeSlice,64
»ê,NodeMux,64
⁄ù,NodeLtInlined,63
‹£,NodeSlice,64
»ä,NodeMux,64
⁄ü,NodeLtInlined,63
‹§,NodeSlice,64
»Ñ,NodeMux,64
⁄°,NodeLtInlined,63
‹•,NodeSlice,64
«æ,NodeMux,64
⁄£,NodeLtInlined,63
‹¶,NodeSlice,64
«∏,NodeMux,64
⁄•,NodeLtInlined,63
‹ß,NodeSlice,64
«≤,NodeMux,64
⁄ß,NodeLtInlined,63
‹®,NodeSlice,64
«¨,NodeMux,64
⁄©,NodeLtInlined,63
‹©,NodeSlice,64
«¶,NodeMux,64
€Ä,NodeCat,65
…¨,NodeCast,62
…≠,NodeShift,65
«è,NodeSlice,64
«ê,NodeCat,64
«ö,NodeNeg,62
«ú,NodeSub,63
«ù,NodeCast,64
«û,NodeShift,64
…∞,NodeMux,69
…±,NodeNot,70
…≤,NodeMux,70
…≥,NodeReinterpret,71
…¥,NodeCast,71
…µ,NodeMux,78
…ª,NodeMul,79
…∫,NodeMul,79
…º,NodeMul,87
‘§,NodeSlice,78
‘•,NodeReinterpret,78
‘≠,NodeSlice,78
‘Æ,NodeReinterpret,78
…∏,NodeMux,78
…Ω,NodeMul,87
…æ,NodeAdd,95
‘¢,NodeSlice,78
‘£,NodeReinterpret,78
‘´,NodeSlice,78
‘¨,NodeReinterpret,78
…∑,NodeMux,78
…ø,NodeMul,79
 Ä,NodeAdd,106
‘†,NodeSlice,78
‘°,NodeReinterpret,78
‘©,NodeSlice,78
‘™,NodeReinterpret,78
…∂,NodeMux,78
 Å,NodeAdd,117
 à,NodeMux,128
‡†ò,NodeSlice,129
¬≤,NodeSlice,49
ÿ§,NodeEqInlined,49
ÿ•,NodeEqInlined,49
√¢,NodeOr,50
‡†ô,NodeXor,129
‡†ó,NodeSlice,129
‡†ö,NodeCat,129
‡†õ,NodeReinterpret,129
 ó,NodeMux,129
 ò,NodeMul,130
”à,NodeMul,157
”â,NodeMul,157
”ä,NodeAdd,165
”ã,NodeMux,176
‡†ù,NodeSlice,177
”î,NodeNot,178
”ç,NodeLt,175
”é,NodeNot,177
”è,NodeAnd,177
”ï,NodeAnd,178
‡†û,NodeXor,179
‡†ú,NodeSlice,177
‡†ü,NodeCat,179
‡††,NodeReinterpret,179
”ù,NodeMux,179
‡†Ø,NodeStreamOffset,198
”±,NodeMux,107
,NodeMux,129
“Ω,NodeMul,130
“æ,NodeMul,138
“ø,NodeMul,138
”Ä,NodeSub,146
”Å,NodeDiv,157
”Ç,NodeMul,177
”É,NodeAdd,185
”Ñ,NodeMux,196
”õ,NodeMux,197
‡†∞,NodeStreamOffset,198
”Ø,NodeMux,107
,NodeMux,108
“®,NodeMul,109
“©,NodeAdd,117
“´,NodeGt,153
“≤,NodeAnd,195
“≥,NodeMul,130
“¥,NodeMul,138
“µ,NodeMul,138
“∂,NodeSub,146
“∑,NodeDiv,157
“∏,NodeMul,177
“π,NodeAdd,185
“∫,NodeMux,196
‡†¢,NodeSlice,197
”ê,NodeNot,178
”ë,NodeAnd,178
‡†£,NodeXor,197
‡†°,NodeSlice,197
‡†§,NodeCat,197
‡†•,NodeReinterpret,197
”ô,NodeMux,197
‡†±,NodeStreamOffset,198
”≠,NodeMux,107
,NodeMux,108
u,NodeAdd,179
‡†≤,NodeStreamOffset,256
”≥,NodeMux,165
,NodeMux,166
m,NodeSub,167
n,NodeMux,178
o,NodeMul,179
p,NodeAdd,187
‡†≥,NodeStreamOffset,198
”ß,NodeMux,107
’ë,NodeOutput,198
,NodeMux,186
s,NodeMul,179
t,NodeAdd,187
‡†¥,NodeStreamOffset,198
”´,NodeMux,107
’í,NodeOutput,198
’ì,NodeOutput,198
’î,NodeOutput,198
’ï,NodeOutput,198
’ñ,NodeOutput,198
’ó,NodeOutput,198
’ò,NodeOutput,198
’ô,NodeOutput,198
’ö,NodeOutput,198
’õ,NodeOutput,198
’ú,NodeOutput,198
‡†µ,NodeStreamOffset,198
”©,NodeMux,107
,NodeMux,108
q,NodeMul,179
r,NodeAdd,187
’ù,NodeOutput,198
’û,NodeOutput,198
’ü,NodeOutput,198
’†,NodeOutput,198
’°,NodeOutput,198
’¢,NodeOutput,198
,NodeWatch,0
w,NodePrintf,190
”∑,NodeGt,188
”∫,NodePrintf,190
”Ω,NodeAnd,198
€Ö,NodeCat,198
”æ,NodeOutput,198
’Ö,NodeCounter,0
’Ü,NodeStreamOffset,0
’à,NodeOutputMappedReg,1
’å,NodeFlush,0
