,NodeInput,4
,NodeSlice,9
,NodeReinterpret,9
‡®à,NodeOutput,122
,NodeSlice,9
,NodeReinterpret,9
,NodeDiv,9
,NodeAdd,70
,NodeMul,81
,NodeNeg,89
,NodeSlice,89
,NodeReinterpret,89
,NodeSub,89
‡®ã,NodeSlice,90
‡®å,NodeReinterpret,90
‡®ç,NodeEqInlined,90
3,NodeNot,91
4,NodeAnd,91
.,NodeGt,97
‡®é,NodeReinterpret,96
",NodeSub,90
‡®è,NodeGtInlined,91
&,NodeCast,91
',NodeShift,91
(,NodeReinterpret,95
),NodeMux,95
*,NodeReinterpret,96
+,NodeAnd,96
,,NodeReinterpret,97
5,NodeNeq,97
6,NodeAnd,99
:,NodeMux,100
<,NodeMux,100
7,NodeCast,100
=,NodeMux,100
B,NodeAdd,97
C,NodeMux,108
D,NodeNeg,109
E,NodeCast,109
‡∂π,NodeRegister,116
‡∂∏,NodeRegister,117
‡∂∑,NodeRegister,118
‡∂∂,NodeRegister,119
‡∂µ,NodeRegister,120
‡∂¥,NodeRegister,121
‡®â,NodeOutput,122
‡®ä,NodeOutput,122
,NodeWatch,4
,NodeCounter,120
ﬁí,NodeAdd,120
‡®ê,NodeEqInlined,121
ﬁñ,NodeAnd,122
z,NodePulse,112
‡∑Ç,NodeRegister,112
‡∑Å,NodeRegister,113
‡∑Ä,NodeRegister,114
‘¥,NodeStreamOffset,122
,NodeSlice,9
,NodeReinterpret,9
F,NodeMul,9
	,NodeSlice,9

,NodeReinterpret,9
G,NodeMul,9
H,NodeAdd,17
I,NodeSqrt,28
K,NodeDiv,56
M,NodeMul,84
N,NodeNeg,92
O,NodeSlice,92
P,NodeReinterpret,92
R,NodeSub,92
‡®ë,NodeSlice,93
‡®í,NodeReinterpret,93
‡®ì,NodeEqInlined,93
f,NodeNot,94
g,NodeAnd,94
a,NodeGt,100
‡®î,NodeReinterpret,99
U,NodeSub,93
‡®ï,NodeGtInlined,94
Y,NodeCast,94
Z,NodeShift,94
[,NodeReinterpret,98
\,NodeMux,98
],NodeReinterpret,99
^,NodeAnd,99
_,NodeReinterpret,100
h,NodeNeq,100
i,NodeAnd,102
m,NodeMux,103
o,NodeMux,103
j,NodeCast,103
p,NodeMux,103
u,NodeAdd,100
v,NodeMux,111
w,NodeNeg,112
x,NodeCast,112
‡∑Ö,NodeRegister,119
‡∑Ñ,NodeRegister,120
‡∑É,NodeRegister,121
‡®ñ,NodeEqInlined,122
‘≥,NodeCast,122
‘µ,NodeAdd,122
‘∂,NodeMux,122
‘®,NodeStreamOffset,122
‡®ó,NodeEqInlined,122
‘ß,NodeCast,122
‘©,NodeAdd,122
‘™,NodeMux,122
‘ú,NodeStreamOffset,122
‡®ò,NodeEqInlined,122
‘õ,NodeCast,122
‘ù,NodeAdd,122
‘û,NodeMux,122
‘ê,NodeStreamOffset,122
‡®ô,NodeEqInlined,122
‘è,NodeCast,122
‘ë,NodeAdd,122
‘í,NodeMux,122
‘Ñ,NodeStreamOffset,122
‡®ö,NodeEqInlined,122
‘É,NodeCast,122
‘Ö,NodeAdd,122
‘Ü,NodeMux,122
”∏,NodeStreamOffset,122
‡®õ,NodeEqInlined,122
”∑,NodeCast,122
”π,NodeAdd,122
”∫,NodeMux,122
”¨,NodeStreamOffset,122
‡®ú,NodeEqInlined,122
”´,NodeCast,122
”≠,NodeAdd,122
”Æ,NodeMux,122
”†,NodeStreamOffset,122
‡®ù,NodeEqInlined,122
”ü,NodeCast,122
”°,NodeAdd,122
”¢,NodeMux,122
‡∂ø,NodeRegister,115
”î,NodeStreamOffset,122
‡®û,NodeEqInlined,122
”ì,NodeCast,122
”ï,NodeAdd,122
”ñ,NodeMux,122
”à,NodeStreamOffset,122
‡®ü,NodeEqInlined,122
”á,NodeCast,122
”â,NodeAdd,122
”ä,NodeMux,122
“º,NodeStreamOffset,122
‡®†,NodeEqInlined,122
“ª,NodeCast,122
“Ω,NodeAdd,122
“æ,NodeMux,122
“∞,NodeStreamOffset,122
‡®°,NodeEqInlined,122
“Ø,NodeCast,122
“±,NodeAdd,122
“≤,NodeMux,122
“§,NodeStreamOffset,122
‡®¢,NodeEqInlined,122
“£,NodeCast,122
“•,NodeAdd,122
“¶,NodeMux,122
“ò,NodeStreamOffset,122
‡®£,NodeEqInlined,122
“ó,NodeCast,122
“ô,NodeAdd,122
“ö,NodeMux,122
“å,NodeStreamOffset,122
‡®§,NodeEqInlined,122
“ã,NodeCast,122
“ç,NodeAdd,122
“é,NodeMux,122
“Ä,NodeStreamOffset,122
‡®•,NodeEqInlined,122
—ø,NodeCast,122
“Å,NodeAdd,122
“Ç,NodeMux,122
—¥,NodeStreamOffset,122
‡®¶,NodeEqInlined,122
—≥,NodeCast,122
—µ,NodeAdd,122
—∂,NodeMux,122
—®,NodeStreamOffset,122
‡®ß,NodeEqInlined,122
—ß,NodeCast,122
—©,NodeAdd,122
—™,NodeMux,122
—ú,NodeStreamOffset,122
‡®®,NodeEqInlined,122
—õ,NodeCast,122
—ù,NodeAdd,122
—û,NodeMux,122
—ê,NodeStreamOffset,122
‡®©,NodeEqInlined,122
—è,NodeCast,122
—ë,NodeAdd,122
—í,NodeMux,122
—Ñ,NodeStreamOffset,122
‡®™,NodeEqInlined,122
—É,NodeCast,122
—Ö,NodeAdd,122
—Ü,NodeMux,122
–∏,NodeStreamOffset,122
‡®´,NodeEqInlined,122
–∑,NodeCast,122
–π,NodeAdd,122
–∫,NodeMux,122
–¨,NodeStreamOffset,122
‡®¨,NodeEqInlined,122
–´,NodeCast,122
–≠,NodeAdd,122
–Æ,NodeMux,122
‡∂æ,NodeRegister,116
–†,NodeStreamOffset,122
‡®≠,NodeEqInlined,122
–ü,NodeCast,122
–°,NodeAdd,122
–¢,NodeMux,122
–î,NodeStreamOffset,122
‡®Æ,NodeEqInlined,122
–ì,NodeCast,122
–ï,NodeAdd,122
–ñ,NodeMux,122
–à,NodeStreamOffset,122
‡®Ø,NodeEqInlined,122
–á,NodeCast,122
–â,NodeAdd,122
–ä,NodeMux,122
œº,NodeStreamOffset,122
‡®∞,NodeEqInlined,122
œª,NodeCast,122
œΩ,NodeAdd,122
œæ,NodeMux,122
œ∞,NodeStreamOffset,122
‡®±,NodeEqInlined,122
œØ,NodeCast,122
œ±,NodeAdd,122
œ≤,NodeMux,122
œ§,NodeStreamOffset,122
‡®≤,NodeEqInlined,122
œ£,NodeCast,122
œ•,NodeAdd,122
œ¶,NodeMux,122
œò,NodeStreamOffset,122
‡®≥,NodeEqInlined,122
œó,NodeCast,122
œô,NodeAdd,122
œö,NodeMux,122
œå,NodeStreamOffset,122
‡®¥,NodeEqInlined,122
œã,NodeCast,122
œç,NodeAdd,122
œé,NodeMux,122
œÄ,NodeStreamOffset,122
‡®µ,NodeEqInlined,122
Œø,NodeCast,122
œÅ,NodeAdd,122
œÇ,NodeMux,122
Œ¥,NodeStreamOffset,122
‡®∂,NodeEqInlined,121
Œ≥,NodeCast,121
Œµ,NodeAdd,121
Œ∂,NodeMux,121
Œ®,NodeStreamOffset,122
‡®∑,NodeEqInlined,121
Œß,NodeCast,121
Œ©,NodeAdd,121
Œ™,NodeMux,121
Œú,NodeStreamOffset,122
‡®∏,NodeEqInlined,121
Œõ,NodeCast,121
Œù,NodeAdd,121
Œû,NodeMux,121
Œê,NodeStreamOffset,122
‡®π,NodeEqInlined,121
Œè,NodeCast,121
Œë,NodeAdd,121
Œí,NodeMux,121
ŒÑ,NodeStreamOffset,122
‡®∫,NodeEqInlined,121
ŒÉ,NodeCast,121
ŒÖ,NodeAdd,121
ŒÜ,NodeMux,121
Õ∏,NodeStreamOffset,122
‡®ª,NodeEqInlined,121
Õ∑,NodeCast,121
Õπ,NodeAdd,121
Õ∫,NodeMux,121
Õ¨,NodeStreamOffset,122
‡®º,NodeEqInlined,121
Õ´,NodeCast,121
Õ≠,NodeAdd,121
ÕÆ,NodeMux,121
‡∂Ω,NodeRegister,117
Õ†,NodeStreamOffset,122
‡®Ω,NodeEqInlined,121
Õü,NodeCast,121
Õ°,NodeAdd,121
Õ¢,NodeMux,121
Õî,NodeStreamOffset,122
‡®æ,NodeEqInlined,121
Õì,NodeCast,121
Õï,NodeAdd,121
Õñ,NodeMux,121
Õà,NodeStreamOffset,122
‡®ø,NodeEqInlined,121
Õá,NodeCast,121
Õâ,NodeAdd,121
Õä,NodeMux,121
Ãº,NodeStreamOffset,122
‡©Ä,NodeEqInlined,121
Ãª,NodeCast,121
ÃΩ,NodeAdd,121
Ãæ,NodeMux,121
Ã∞,NodeStreamOffset,122
‡©Å,NodeEqInlined,121
ÃØ,NodeCast,121
Ã±,NodeAdd,121
Ã≤,NodeMux,121
Ã§,NodeStreamOffset,122
‡©Ç,NodeEqInlined,121
Ã£,NodeCast,121
Ã•,NodeAdd,121
Ã¶,NodeMux,121
Ãò,NodeStreamOffset,122
‡©É,NodeEqInlined,121
Ãó,NodeCast,121
Ãô,NodeAdd,121
Ãö,NodeMux,121
Ãå,NodeStreamOffset,122
‡©Ñ,NodeEqInlined,121
Ãã,NodeCast,121
Ãç,NodeAdd,121
Ãé,NodeMux,121
ÃÄ,NodeStreamOffset,122
‡©Ö,NodeEqInlined,121
Àø,NodeCast,121
ÃÅ,NodeAdd,121
ÃÇ,NodeMux,121
À¥,NodeStreamOffset,122
‡©Ü,NodeEqInlined,121
À≥,NodeCast,121
Àµ,NodeAdd,121
À∂,NodeMux,121
À®,NodeStreamOffset,122
‡©á,NodeEqInlined,121
Àß,NodeCast,121
À©,NodeAdd,121
À™,NodeMux,121
Àú,NodeStreamOffset,122
‡©à,NodeEqInlined,121
Àõ,NodeCast,121
Àù,NodeAdd,121
Àû,NodeMux,121
Àê,NodeStreamOffset,122
‡©â,NodeEqInlined,121
Àè,NodeCast,121
Àë,NodeAdd,121
Àí,NodeMux,121
ÀÑ,NodeStreamOffset,122
‡©ä,NodeEqInlined,121
ÀÉ,NodeCast,121
ÀÖ,NodeAdd,121
ÀÜ,NodeMux,121
 ∏,NodeStreamOffset,122
‡©ã,NodeEqInlined,121
 ∑,NodeCast,121
 π,NodeAdd,121
 ∫,NodeMux,121
‡∂º,NodeRegister,118
 ¨,NodeStreamOffset,122
‡©å,NodeEqInlined,121
 ´,NodeCast,121
 ≠,NodeAdd,121
 Æ,NodeMux,121
 †,NodeStreamOffset,122
‡©ç,NodeEqInlined,121
 ü,NodeCast,121
 °,NodeAdd,121
 ¢,NodeMux,121
 î,NodeStreamOffset,122
‡©é,NodeEqInlined,121
 ì,NodeCast,121
 ï,NodeAdd,121
 ñ,NodeMux,121
 à,NodeStreamOffset,122
‡©è,NodeEqInlined,121
 á,NodeCast,121
 â,NodeAdd,121
 ä,NodeMux,121
…º,NodeStreamOffset,122
‡©ê,NodeEqInlined,121
…ª,NodeCast,121
…Ω,NodeAdd,121
…æ,NodeMux,121
…∞,NodeStreamOffset,122
‡©ë,NodeEqInlined,121
…Ø,NodeCast,121
…±,NodeAdd,121
…≤,NodeMux,121
…§,NodeStreamOffset,122
‡©í,NodeEqInlined,121
…£,NodeCast,121
…•,NodeAdd,121
…¶,NodeMux,121
…ò,NodeStreamOffset,122
‡©ì,NodeEqInlined,121
…ó,NodeCast,121
…ô,NodeAdd,121
…ö,NodeMux,121
…å,NodeStreamOffset,122
‡©î,NodeEqInlined,121
…ã,NodeCast,121
…ç,NodeAdd,121
…é,NodeMux,121
…Ä,NodeStreamOffset,122
‡©ï,NodeEqInlined,120
»ø,NodeCast,121
…Å,NodeAdd,121
…Ç,NodeMux,121
»¥,NodeStreamOffset,122
‡©ñ,NodeEqInlined,120
»≥,NodeCast,121
»µ,NodeAdd,121
»∂,NodeMux,121
»®,NodeStreamOffset,122
‡©ó,NodeEqInlined,120
»ß,NodeCast,121
»©,NodeAdd,121
»™,NodeMux,121
»ú,NodeStreamOffset,122
‡©ò,NodeEqInlined,120
»õ,NodeCast,121
»ù,NodeAdd,121
»û,NodeMux,121
»ê,NodeStreamOffset,122
‡©ô,NodeEqInlined,120
»è,NodeCast,121
»ë,NodeAdd,121
»í,NodeMux,121
»Ñ,NodeStreamOffset,122
‡©ö,NodeEqInlined,120
»É,NodeCast,121
»Ö,NodeAdd,121
»Ü,NodeMux,121
«∏,NodeStreamOffset,122
‡©õ,NodeEqInlined,120
«∑,NodeCast,121
«π,NodeAdd,121
«∫,NodeMux,121
‡∂ª,NodeRegister,119
«¨,NodeStreamOffset,122
‡©ú,NodeEqInlined,120
«´,NodeCast,121
«≠,NodeAdd,121
«Æ,NodeMux,121
«†,NodeStreamOffset,122
‡©ù,NodeEqInlined,120
«ü,NodeCast,121
«°,NodeAdd,121
«¢,NodeMux,121
«î,NodeStreamOffset,122
‡©û,NodeEqInlined,120
«ì,NodeCast,121
«ï,NodeAdd,121
«ñ,NodeMux,121
«à,NodeStreamOffset,122
‡©ü,NodeEqInlined,120
«á,NodeCast,121
«â,NodeAdd,121
«ä,NodeMux,121
∆º,NodeStreamOffset,122
‡©†,NodeEqInlined,120
∆ª,NodeCast,121
∆Ω,NodeAdd,121
∆æ,NodeMux,121
∆∞,NodeStreamOffset,122
‡©°,NodeEqInlined,120
∆Ø,NodeCast,121
∆±,NodeAdd,121
∆≤,NodeMux,121
∆§,NodeStreamOffset,122
‡©¢,NodeEqInlined,120
∆£,NodeCast,121
∆•,NodeAdd,121
∆¶,NodeMux,121
∆ò,NodeStreamOffset,122
‡©£,NodeEqInlined,120
∆ó,NodeCast,121
∆ô,NodeAdd,121
∆ö,NodeMux,121
∆å,NodeStreamOffset,122
‡©§,NodeEqInlined,120
∆ã,NodeCast,121
∆ç,NodeAdd,121
∆é,NodeMux,121
∆Ä,NodeStreamOffset,122
‡©•,NodeEqInlined,120
≈ø,NodeCast,121
∆Å,NodeAdd,121
∆Ç,NodeMux,121
≈¥,NodeStreamOffset,122
‡©¶,NodeEqInlined,120
≈≥,NodeCast,121
≈µ,NodeAdd,121
≈∂,NodeMux,121
≈®,NodeStreamOffset,122
‡©ß,NodeEqInlined,120
≈ß,NodeCast,121
≈©,NodeAdd,121
≈™,NodeMux,121
≈ú,NodeStreamOffset,122
‡©®,NodeEqInlined,120
≈õ,NodeCast,121
≈ù,NodeAdd,121
≈û,NodeMux,121
≈ê,NodeStreamOffset,122
‡©©,NodeEqInlined,120
≈è,NodeCast,121
≈ë,NodeAdd,121
≈í,NodeMux,121
≈Ñ,NodeStreamOffset,122
‡©™,NodeEqInlined,120
≈É,NodeCast,121
≈Ö,NodeAdd,121
≈Ü,NodeMux,121
‡∂∫,NodeRegister,120
ƒ∏,NodeStreamOffset,122
‡©´,NodeEqInlined,120
ƒ∑,NodeCast,121
ƒπ,NodeAdd,121
ƒ∫,NodeMux,121
ƒ¨,NodeStreamOffset,122
‡©¨,NodeEqInlined,120
ƒ´,NodeCast,121
ƒ≠,NodeAdd,121
ƒÆ,NodeMux,121
ƒ†,NodeStreamOffset,122
‡©≠,NodeEqInlined,120
ƒü,NodeCast,121
ƒ°,NodeAdd,121
ƒ¢,NodeMux,121
ƒî,NodeStreamOffset,122
‡©Æ,NodeEqInlined,120
ƒì,NodeCast,121
ƒï,NodeAdd,121
ƒñ,NodeMux,121
ƒà,NodeStreamOffset,122
‡©Ø,NodeEqInlined,120
ƒá,NodeCast,121
ƒâ,NodeAdd,121
ƒä,NodeMux,121
√º,NodeStreamOffset,122
‡©∞,NodeEqInlined,120
√ª,NodeCast,121
√Ω,NodeAdd,121
√æ,NodeMux,121
√∞,NodeStreamOffset,122
‡©±,NodeEqInlined,120
√Ø,NodeCast,121
√±,NodeAdd,121
√≤,NodeMux,121
√§,NodeStreamOffset,122
‡©≤,NodeEqInlined,120
√£,NodeCast,121
√•,NodeAdd,121
√¶,NodeMux,121
√ò,NodeStreamOffset,122
‡©≥,NodeEqInlined,120
√ó,NodeCast,121
√ô,NodeAdd,121
√ö,NodeMux,121
√å,NodeStreamOffset,122
‡©¥,NodeEqInlined,119
√ã,NodeCast,121
√ç,NodeAdd,121
√é,NodeMux,121
√Ä,NodeStreamOffset,122
‡©µ,NodeEqInlined,119
¬ø,NodeCast,121
√Å,NodeAdd,121
√Ç,NodeMux,121
¬¥,NodeStreamOffset,122
‡©∂,NodeEqInlined,119
¬≥,NodeCast,121
¬µ,NodeAdd,121
¬∂,NodeMux,121
¬®,NodeStreamOffset,122
‡©∑,NodeEqInlined,119
¬ß,NodeCast,121
¬©,NodeAdd,121
¬™,NodeMux,121
¬ú,NodeStreamOffset,122
‡©∏,NodeEqInlined,119
¬õ,NodeCast,121
¬ù,NodeAdd,121
¬û,NodeMux,121
¬ê,NodeStreamOffset,122
‡©π,NodeEqInlined,119
¬è,NodeCast,121
¬ë,NodeAdd,121
¬í,NodeMux,121
¬Ñ,NodeStreamOffset,122
‡©∫,NodeEqInlined,119
¬É,NodeCast,121
¬Ö,NodeAdd,121
¬Ü,NodeMux,121
ﬁå,NodeStreamOffset,122
‡©ª,NodeEqInlined,122
ﬁã,NodeCast,122
ﬁç,NodeAdd,122
ﬁé,NodeMux,122
ﬁÜ,NodeStreamOffset,122
‡©º,NodeEqInlined,122
ﬁÖ,NodeCast,122
ﬁá,NodeAdd,122
ﬁà,NodeMux,122
ﬁÄ,NodeStreamOffset,122
‡©Ω,NodeEqInlined,122
›ø,NodeCast,122
ﬁÅ,NodeAdd,122
ﬁÇ,NodeMux,122
›∫,NodeStreamOffset,122
‡©æ,NodeEqInlined,122
›π,NodeCast,122
›ª,NodeAdd,122
›º,NodeMux,122
›¥,NodeStreamOffset,122
‡©ø,NodeEqInlined,122
›≥,NodeCast,122
›µ,NodeAdd,122
›∂,NodeMux,122
›Æ,NodeStreamOffset,122
‡™Ä,NodeEqInlined,122
›≠,NodeCast,122
›Ø,NodeAdd,122
›∞,NodeMux,122
›®,NodeStreamOffset,122
‡™Å,NodeEqInlined,122
›ß,NodeCast,122
›©,NodeAdd,122
›™,NodeMux,122
›¢,NodeStreamOffset,122
‡™Ç,NodeEqInlined,122
›°,NodeCast,122
›£,NodeAdd,122
›§,NodeMux,122
›ú,NodeStreamOffset,122
‡™É,NodeEqInlined,122
›õ,NodeCast,122
›ù,NodeAdd,122
›û,NodeMux,122
›ñ,NodeStreamOffset,122
‡™Ñ,NodeEqInlined,122
›ï,NodeCast,122
›ó,NodeAdd,122
›ò,NodeMux,122
›ê,NodeStreamOffset,122
‡™Ö,NodeEqInlined,122
›è,NodeCast,122
›ë,NodeAdd,122
›í,NodeMux,122
›ä,NodeStreamOffset,122
‡™Ü,NodeEqInlined,122
›â,NodeCast,122
›ã,NodeAdd,122
›å,NodeMux,122
›Ñ,NodeStreamOffset,122
‡™á,NodeEqInlined,122
›É,NodeCast,122
›Ö,NodeAdd,122
›Ü,NodeMux,122
‹æ,NodeStreamOffset,122
‡™à,NodeEqInlined,122
‹Ω,NodeCast,122
‹ø,NodeAdd,122
›Ä,NodeMux,122
‹∏,NodeStreamOffset,122
‡™â,NodeEqInlined,122
‹∑,NodeCast,122
‹π,NodeAdd,122
‹∫,NodeMux,122
‹≤,NodeStreamOffset,122
‡™ä,NodeEqInlined,122
‹±,NodeCast,122
‹≥,NodeAdd,122
‹¥,NodeMux,122
‹¨,NodeStreamOffset,122
‡™ã,NodeEqInlined,122
‹´,NodeCast,122
‹≠,NodeAdd,122
‹Æ,NodeMux,122
‹¶,NodeStreamOffset,122
‡™å,NodeEqInlined,122
‹•,NodeCast,122
‹ß,NodeAdd,122
‹®,NodeMux,122
‹†,NodeStreamOffset,122
‡™ç,NodeEqInlined,122
‹ü,NodeCast,122
‹°,NodeAdd,122
‹¢,NodeMux,122
‹ö,NodeStreamOffset,122
‡™é,NodeEqInlined,122
‹ô,NodeCast,122
‹õ,NodeAdd,122
‹ú,NodeMux,122
‹î,NodeStreamOffset,122
‡™è,NodeEqInlined,122
‹ì,NodeCast,122
‹ï,NodeAdd,122
‹ñ,NodeMux,122
‹é,NodeStreamOffset,122
‡™ê,NodeEqInlined,122
‹ç,NodeCast,122
‹è,NodeAdd,122
‹ê,NodeMux,122
‹à,NodeStreamOffset,122
‡™ë,NodeEqInlined,122
‹á,NodeCast,122
‹â,NodeAdd,122
‹ä,NodeMux,122
‹Ç,NodeStreamOffset,122
‡™í,NodeEqInlined,122
‹Å,NodeCast,122
‹É,NodeAdd,122
‹Ñ,NodeMux,122
€º,NodeStreamOffset,122
‡™ì,NodeEqInlined,122
€ª,NodeCast,122
€Ω,NodeAdd,122
€æ,NodeMux,122
€∂,NodeStreamOffset,122
‡™î,NodeEqInlined,122
€µ,NodeCast,122
€∑,NodeAdd,122
€∏,NodeMux,122
€∞,NodeStreamOffset,122
‡™ï,NodeEqInlined,122
€Ø,NodeCast,122
€±,NodeAdd,122
€≤,NodeMux,122
€™,NodeStreamOffset,122
‡™ñ,NodeEqInlined,122
€©,NodeCast,122
€´,NodeAdd,122
€¨,NodeMux,122
€§,NodeStreamOffset,122
‡™ó,NodeEqInlined,122
€£,NodeCast,122
€•,NodeAdd,122
€¶,NodeMux,122
€û,NodeStreamOffset,122
‡™ò,NodeEqInlined,122
€ù,NodeCast,122
€ü,NodeAdd,122
€†,NodeMux,122
€ò,NodeStreamOffset,122
‡™ô,NodeEqInlined,122
€ó,NodeCast,122
€ô,NodeAdd,122
€ö,NodeMux,122
€í,NodeStreamOffset,122
‡™ö,NodeEqInlined,121
€ë,NodeCast,121
€ì,NodeAdd,121
€î,NodeMux,121
€å,NodeStreamOffset,122
‡™õ,NodeEqInlined,121
€ã,NodeCast,121
€ç,NodeAdd,121
€é,NodeMux,121
€Ü,NodeStreamOffset,122
‡™ú,NodeEqInlined,121
€Ö,NodeCast,121
€á,NodeAdd,121
€à,NodeMux,121
€Ä,NodeStreamOffset,122
‡™ù,NodeEqInlined,121
⁄ø,NodeCast,121
€Å,NodeAdd,121
€Ç,NodeMux,121
⁄∫,NodeStreamOffset,122
‡™û,NodeEqInlined,121
⁄π,NodeCast,121
⁄ª,NodeAdd,121
⁄º,NodeMux,121
⁄¥,NodeStreamOffset,122
‡™ü,NodeEqInlined,121
⁄≥,NodeCast,121
⁄µ,NodeAdd,121
⁄∂,NodeMux,121
⁄Æ,NodeStreamOffset,122
‡™†,NodeEqInlined,121
⁄≠,NodeCast,121
⁄Ø,NodeAdd,121
⁄∞,NodeMux,121
⁄®,NodeStreamOffset,122
‡™°,NodeEqInlined,121
⁄ß,NodeCast,121
⁄©,NodeAdd,121
⁄™,NodeMux,121
⁄¢,NodeStreamOffset,122
‡™¢,NodeEqInlined,121
⁄°,NodeCast,121
⁄£,NodeAdd,121
⁄§,NodeMux,121
⁄ú,NodeStreamOffset,122
‡™£,NodeEqInlined,121
⁄õ,NodeCast,121
⁄ù,NodeAdd,121
⁄û,NodeMux,121
⁄ñ,NodeStreamOffset,122
‡™§,NodeEqInlined,121
⁄ï,NodeCast,121
⁄ó,NodeAdd,121
⁄ò,NodeMux,121
⁄ê,NodeStreamOffset,122
‡™•,NodeEqInlined,121
⁄è,NodeCast,121
⁄ë,NodeAdd,121
⁄í,NodeMux,121
⁄ä,NodeStreamOffset,122
‡™¶,NodeEqInlined,121
⁄â,NodeCast,121
⁄ã,NodeAdd,121
⁄å,NodeMux,121
⁄Ñ,NodeStreamOffset,122
‡™ß,NodeEqInlined,121
⁄É,NodeCast,121
⁄Ö,NodeAdd,121
⁄Ü,NodeMux,121
Ÿæ,NodeStreamOffset,122
‡™®,NodeEqInlined,121
ŸΩ,NodeCast,121
Ÿø,NodeAdd,121
⁄Ä,NodeMux,121
Ÿ∏,NodeStreamOffset,122
‡™©,NodeEqInlined,121
Ÿ∑,NodeCast,121
Ÿπ,NodeAdd,121
Ÿ∫,NodeMux,121
Ÿ≤,NodeStreamOffset,122
‡™™,NodeEqInlined,121
Ÿ±,NodeCast,121
Ÿ≥,NodeAdd,121
Ÿ¥,NodeMux,121
Ÿ¨,NodeStreamOffset,122
‡™´,NodeEqInlined,121
Ÿ´,NodeCast,121
Ÿ≠,NodeAdd,121
ŸÆ,NodeMux,121
Ÿ¶,NodeStreamOffset,122
‡™¨,NodeEqInlined,121
Ÿ•,NodeCast,121
Ÿß,NodeAdd,121
Ÿ®,NodeMux,121
Ÿ†,NodeStreamOffset,122
‡™≠,NodeEqInlined,121
Ÿü,NodeCast,121
Ÿ°,NodeAdd,121
Ÿ¢,NodeMux,121
Ÿö,NodeStreamOffset,122
‡™Æ,NodeEqInlined,121
Ÿô,NodeCast,121
Ÿõ,NodeAdd,121
Ÿú,NodeMux,121
Ÿî,NodeStreamOffset,122
‡™Ø,NodeEqInlined,121
Ÿì,NodeCast,121
Ÿï,NodeAdd,121
Ÿñ,NodeMux,121
Ÿé,NodeStreamOffset,122
‡™∞,NodeEqInlined,121
Ÿç,NodeCast,121
Ÿè,NodeAdd,121
Ÿê,NodeMux,121
Ÿà,NodeStreamOffset,122
‡™±,NodeEqInlined,121
Ÿá,NodeCast,121
Ÿâ,NodeAdd,121
Ÿä,NodeMux,121
ŸÇ,NodeStreamOffset,122
‡™≤,NodeEqInlined,121
ŸÅ,NodeCast,121
ŸÉ,NodeAdd,121
ŸÑ,NodeMux,121
ÿº,NodeStreamOffset,122
‡™≥,NodeEqInlined,121
ÿª,NodeCast,121
ÿΩ,NodeAdd,121
ÿæ,NodeMux,121
ÿ∂,NodeStreamOffset,122
‡™¥,NodeEqInlined,121
ÿµ,NodeCast,121
ÿ∑,NodeAdd,121
ÿ∏,NodeMux,121
ÿ∞,NodeStreamOffset,122
‡™µ,NodeEqInlined,121
ÿØ,NodeCast,121
ÿ±,NodeAdd,121
ÿ≤,NodeMux,121
ÿ™,NodeStreamOffset,122
‡™∂,NodeEqInlined,121
ÿ©,NodeCast,121
ÿ´,NodeAdd,121
ÿ¨,NodeMux,121
ÿ§,NodeStreamOffset,122
‡™∑,NodeEqInlined,121
ÿ£,NodeCast,121
ÿ•,NodeAdd,121
ÿ¶,NodeMux,121
ÿû,NodeStreamOffset,122
‡™∏,NodeEqInlined,121
ÿù,NodeCast,121
ÿü,NodeAdd,121
ÿ†,NodeMux,121
ÿò,NodeStreamOffset,122
‡™π,NodeEqInlined,120
ÿó,NodeCast,121
ÿô,NodeAdd,121
ÿö,NodeMux,121
ÿí,NodeStreamOffset,122
‡™∫,NodeEqInlined,120
ÿë,NodeCast,121
ÿì,NodeAdd,121
ÿî,NodeMux,121
ÿå,NodeStreamOffset,122
‡™ª,NodeEqInlined,120
ÿã,NodeCast,121
ÿç,NodeAdd,121
ÿé,NodeMux,121
ÿÜ,NodeStreamOffset,122
‡™º,NodeEqInlined,120
ÿÖ,NodeCast,121
ÿá,NodeAdd,121
ÿà,NodeMux,121
ÿÄ,NodeStreamOffset,122
‡™Ω,NodeEqInlined,120
◊ø,NodeCast,121
ÿÅ,NodeAdd,121
ÿÇ,NodeMux,121
◊∫,NodeStreamOffset,122
‡™æ,NodeEqInlined,120
◊π,NodeCast,121
◊ª,NodeAdd,121
◊º,NodeMux,121
◊¥,NodeStreamOffset,122
‡™ø,NodeEqInlined,120
◊≥,NodeCast,121
◊µ,NodeAdd,121
◊∂,NodeMux,121
◊Æ,NodeStreamOffset,122
‡´Ä,NodeEqInlined,120
◊≠,NodeCast,121
◊Ø,NodeAdd,121
◊∞,NodeMux,121
◊®,NodeStreamOffset,122
‡´Å,NodeEqInlined,120
◊ß,NodeCast,121
◊©,NodeAdd,121
◊™,NodeMux,121
◊¢,NodeStreamOffset,122
‡´Ç,NodeEqInlined,120
◊°,NodeCast,121
◊£,NodeAdd,121
◊§,NodeMux,121
◊ú,NodeStreamOffset,122
‡´É,NodeEqInlined,120
◊õ,NodeCast,121
◊ù,NodeAdd,121
◊û,NodeMux,121
◊ñ,NodeStreamOffset,122
‡´Ñ,NodeEqInlined,120
◊ï,NodeCast,121
◊ó,NodeAdd,121
◊ò,NodeMux,121
◊ê,NodeStreamOffset,122
‡´Ö,NodeEqInlined,120
◊è,NodeCast,121
◊ë,NodeAdd,121
◊í,NodeMux,121
◊ä,NodeStreamOffset,122
‡´Ü,NodeEqInlined,120
◊â,NodeCast,121
◊ã,NodeAdd,121
◊å,NodeMux,121
◊Ñ,NodeStreamOffset,122
‡´á,NodeEqInlined,120
◊É,NodeCast,121
◊Ö,NodeAdd,121
◊Ü,NodeMux,121
÷æ,NodeStreamOffset,122
‡´à,NodeEqInlined,120
÷Ω,NodeCast,121
÷ø,NodeAdd,121
◊Ä,NodeMux,121
÷∏,NodeStreamOffset,122
‡´â,NodeEqInlined,120
÷∑,NodeCast,121
÷π,NodeAdd,121
÷∫,NodeMux,121
÷≤,NodeStreamOffset,122
‡´ä,NodeEqInlined,120
÷±,NodeCast,121
÷≥,NodeAdd,121
÷¥,NodeMux,121
÷¨,NodeStreamOffset,122
‡´ã,NodeEqInlined,120
÷´,NodeCast,121
÷≠,NodeAdd,121
÷Æ,NodeMux,121
÷¶,NodeStreamOffset,122
‡´å,NodeEqInlined,120
÷•,NodeCast,121
÷ß,NodeAdd,121
÷®,NodeMux,121
÷†,NodeStreamOffset,122
‡´ç,NodeEqInlined,120
÷ü,NodeCast,121
÷°,NodeAdd,121
÷¢,NodeMux,121
÷ö,NodeStreamOffset,122
‡´é,NodeEqInlined,120
÷ô,NodeCast,121
÷õ,NodeAdd,121
÷ú,NodeMux,121
÷î,NodeStreamOffset,122
‡´è,NodeEqInlined,120
÷ì,NodeCast,121
÷ï,NodeAdd,121
÷ñ,NodeMux,121
÷é,NodeStreamOffset,122
‡´ê,NodeEqInlined,120
÷ç,NodeCast,121
÷è,NodeAdd,121
÷ê,NodeMux,121
÷à,NodeStreamOffset,122
‡´ë,NodeEqInlined,120
÷á,NodeCast,121
÷â,NodeAdd,121
÷ä,NodeMux,121
÷Ç,NodeStreamOffset,122
‡´í,NodeEqInlined,120
÷Å,NodeCast,121
÷É,NodeAdd,121
÷Ñ,NodeMux,121
’º,NodeStreamOffset,122
‡´ì,NodeEqInlined,120
’ª,NodeCast,121
’Ω,NodeAdd,121
’æ,NodeMux,121
’∂,NodeStreamOffset,122
‡´î,NodeEqInlined,120
’µ,NodeCast,121
’∑,NodeAdd,121
’∏,NodeMux,121
’∞,NodeStreamOffset,122
‡´ï,NodeEqInlined,120
’Ø,NodeCast,121
’±,NodeAdd,121
’≤,NodeMux,121
’™,NodeStreamOffset,122
‡´ñ,NodeEqInlined,120
’©,NodeCast,121
’´,NodeAdd,121
’¨,NodeMux,121
’§,NodeStreamOffset,122
‡´ó,NodeEqInlined,120
’£,NodeCast,121
’•,NodeAdd,121
’¶,NodeMux,121
’û,NodeStreamOffset,122
‡´ò,NodeEqInlined,119
’ù,NodeCast,121
’ü,NodeAdd,121
’†,NodeMux,121
’ò,NodeStreamOffset,122
‡´ô,NodeEqInlined,119
’ó,NodeCast,121
’ô,NodeAdd,121
’ö,NodeMux,121
’í,NodeStreamOffset,122
‡´ö,NodeEqInlined,119
’ë,NodeCast,121
’ì,NodeAdd,121
’î,NodeMux,121
’å,NodeStreamOffset,122
‡´õ,NodeEqInlined,119
’ã,NodeCast,121
’ç,NodeAdd,121
’é,NodeMux,121
’Ü,NodeStreamOffset,122
‡´ú,NodeEqInlined,119
’Ö,NodeCast,121
’á,NodeAdd,121
’à,NodeMux,121
’Ä,NodeStreamOffset,122
‡´ù,NodeEqInlined,119
‘ø,NodeCast,121
’Å,NodeAdd,121
’Ç,NodeMux,121
‘∫,NodeStreamOffset,122
‡´û,NodeEqInlined,119
‘π,NodeCast,121
‘ª,NodeAdd,121
‘º,NodeMux,121
‘Æ,NodeStreamOffset,122
‡´ü,NodeEqInlined,119
‘≠,NodeCast,121
‘Ø,NodeAdd,121
‘∞,NodeMux,121
‘¢,NodeStreamOffset,122
‡´†,NodeEqInlined,119
‘°,NodeCast,121
‘£,NodeAdd,121
‘§,NodeMux,121
‘ñ,NodeStreamOffset,122
‡´°,NodeEqInlined,119
‘ï,NodeCast,121
‘ó,NodeAdd,121
‘ò,NodeMux,121
‘ä,NodeStreamOffset,122
‡´¢,NodeEqInlined,119
‘â,NodeCast,121
‘ã,NodeAdd,121
‘å,NodeMux,121
”æ,NodeStreamOffset,122
‡´£,NodeEqInlined,119
”Ω,NodeCast,121
”ø,NodeAdd,121
‘Ä,NodeMux,121
”≤,NodeStreamOffset,122
‡´§,NodeEqInlined,119
”±,NodeCast,121
”≥,NodeAdd,121
”¥,NodeMux,121
”¶,NodeStreamOffset,122
‡´•,NodeEqInlined,119
”•,NodeCast,121
”ß,NodeAdd,121
”®,NodeMux,121
”ö,NodeStreamOffset,122
‡´¶,NodeEqInlined,119
”ô,NodeCast,121
”õ,NodeAdd,121
”ú,NodeMux,121
”é,NodeStreamOffset,122
‡´ß,NodeEqInlined,119
”ç,NodeCast,121
”è,NodeAdd,121
”ê,NodeMux,121
”Ç,NodeStreamOffset,122
‡´®,NodeEqInlined,119
”Å,NodeCast,121
”É,NodeAdd,121
”Ñ,NodeMux,121
“∂,NodeStreamOffset,122
‡´©,NodeEqInlined,119
“µ,NodeCast,121
“∑,NodeAdd,121
“∏,NodeMux,121
“™,NodeStreamOffset,122
‡´™,NodeEqInlined,119
“©,NodeCast,121
“´,NodeAdd,121
“¨,NodeMux,121
“û,NodeStreamOffset,122
‡´´,NodeEqInlined,119
“ù,NodeCast,121
“ü,NodeAdd,121
“†,NodeMux,121
“í,NodeStreamOffset,122
‡´¨,NodeEqInlined,119
“ë,NodeCast,121
“ì,NodeAdd,121
“î,NodeMux,121
“Ü,NodeStreamOffset,122
‡´≠,NodeEqInlined,119
“Ö,NodeCast,121
“á,NodeAdd,121
“à,NodeMux,121
—∫,NodeStreamOffset,122
‡´Æ,NodeEqInlined,119
—π,NodeCast,121
—ª,NodeAdd,121
—º,NodeMux,121
—Æ,NodeStreamOffset,122
‡´Ø,NodeEqInlined,119
—≠,NodeCast,121
—Ø,NodeAdd,121
—∞,NodeMux,121
—¢,NodeStreamOffset,122
‡´∞,NodeEqInlined,119
—°,NodeCast,121
—£,NodeAdd,121
—§,NodeMux,121
—ñ,NodeStreamOffset,122
‡´±,NodeEqInlined,119
—ï,NodeCast,121
—ó,NodeAdd,121
—ò,NodeMux,121
—ä,NodeStreamOffset,122
‡´≤,NodeEqInlined,119
—â,NodeCast,121
—ã,NodeAdd,121
—å,NodeMux,121
–æ,NodeStreamOffset,122
‡´≥,NodeEqInlined,119
–Ω,NodeCast,121
–ø,NodeAdd,121
—Ä,NodeMux,121
–≤,NodeStreamOffset,122
‡´¥,NodeEqInlined,119
–±,NodeCast,121
–≥,NodeAdd,121
–¥,NodeMux,121
–¶,NodeStreamOffset,122
‡´µ,NodeEqInlined,119
–•,NodeCast,121
–ß,NodeAdd,121
–®,NodeMux,121
–ö,NodeStreamOffset,122
‡´∂,NodeEqInlined,119
–ô,NodeCast,121
–õ,NodeAdd,121
–ú,NodeMux,121
–é,NodeStreamOffset,122
‡´∑,NodeEqInlined,118
–ç,NodeCast,121
–è,NodeAdd,121
–ê,NodeMux,121
–Ç,NodeStreamOffset,122
‡´∏,NodeEqInlined,118
–Å,NodeCast,121
–É,NodeAdd,121
–Ñ,NodeMux,121
œ∂,NodeStreamOffset,122
‡´π,NodeEqInlined,118
œµ,NodeCast,121
œ∑,NodeAdd,121
œ∏,NodeMux,121
œ™,NodeStreamOffset,122
‡´∫,NodeEqInlined,118
œ©,NodeCast,121
œ´,NodeAdd,121
œ¨,NodeMux,121
œû,NodeStreamOffset,122
‡´ª,NodeEqInlined,118
œù,NodeCast,121
œü,NodeAdd,121
œ†,NodeMux,121
œí,NodeStreamOffset,122
‡´º,NodeEqInlined,118
œë,NodeCast,121
œì,NodeAdd,121
œî,NodeMux,121
œÜ,NodeStreamOffset,122
‡´Ω,NodeEqInlined,118
œÖ,NodeCast,121
œá,NodeAdd,121
œà,NodeMux,121
Œ∫,NodeStreamOffset,122
‡´æ,NodeEqInlined,118
Œπ,NodeCast,121
Œª,NodeAdd,121
Œº,NodeMux,121
ŒÆ,NodeStreamOffset,122
‡´ø,NodeEqInlined,118
Œ≠,NodeCast,121
ŒØ,NodeAdd,121
Œ∞,NodeMux,121
Œ¢,NodeStreamOffset,122
‡¨Ä,NodeEqInlined,118
Œ°,NodeCast,121
Œ£,NodeAdd,121
Œ§,NodeMux,121
Œñ,NodeStreamOffset,122
‡¨Å,NodeEqInlined,118
Œï,NodeCast,121
Œó,NodeAdd,121
Œò,NodeMux,121
Œä,NodeStreamOffset,122
‡¨Ç,NodeEqInlined,118
Œâ,NodeCast,121
Œã,NodeAdd,121
Œå,NodeMux,121
Õæ,NodeStreamOffset,122
‡¨É,NodeEqInlined,118
ÕΩ,NodeCast,121
Õø,NodeAdd,121
ŒÄ,NodeMux,121
Õ≤,NodeStreamOffset,122
‡¨Ñ,NodeEqInlined,118
Õ±,NodeCast,121
Õ≥,NodeAdd,121
Õ¥,NodeMux,121
Õ¶,NodeStreamOffset,122
‡¨Ö,NodeEqInlined,118
Õ•,NodeCast,121
Õß,NodeAdd,121
Õ®,NodeMux,121
Õö,NodeStreamOffset,122
‡¨Ü,NodeEqInlined,118
Õô,NodeCast,121
Õõ,NodeAdd,121
Õú,NodeMux,121
Õé,NodeStreamOffset,122
‡¨á,NodeEqInlined,118
Õç,NodeCast,121
Õè,NodeAdd,121
Õê,NodeMux,121
ÕÇ,NodeStreamOffset,122
‡¨à,NodeEqInlined,118
ÕÅ,NodeCast,121
ÕÉ,NodeAdd,121
ÕÑ,NodeMux,121
Ã∂,NodeStreamOffset,122
‡¨â,NodeEqInlined,118
Ãµ,NodeCast,121
Ã∑,NodeAdd,121
Ã∏,NodeMux,121
Ã™,NodeStreamOffset,122
‡¨ä,NodeEqInlined,118
Ã©,NodeCast,121
Ã´,NodeAdd,121
Ã¨,NodeMux,121
Ãû,NodeStreamOffset,122
‡¨ã,NodeEqInlined,118
Ãù,NodeCast,121
Ãü,NodeAdd,121
Ã†,NodeMux,121
Ãí,NodeStreamOffset,122
‡¨å,NodeEqInlined,118
Ãë,NodeCast,121
Ãì,NodeAdd,121
Ãî,NodeMux,121
ÃÜ,NodeStreamOffset,122
‡¨ç,NodeEqInlined,118
ÃÖ,NodeCast,121
Ãá,NodeAdd,121
Ãà,NodeMux,121
À∫,NodeStreamOffset,122
‡¨é,NodeEqInlined,118
Àπ,NodeCast,121
Àª,NodeAdd,121
Àº,NodeMux,121
ÀÆ,NodeStreamOffset,122
‡¨è,NodeEqInlined,118
À≠,NodeCast,121
ÀØ,NodeAdd,121
À∞,NodeMux,121
À¢,NodeStreamOffset,122
‡¨ê,NodeEqInlined,118
À°,NodeCast,121
À£,NodeAdd,121
À§,NodeMux,121
Àñ,NodeStreamOffset,122
‡¨ë,NodeEqInlined,118
Àï,NodeCast,121
Àó,NodeAdd,121
Àò,NodeMux,121
Àä,NodeStreamOffset,122
‡¨í,NodeEqInlined,118
Àâ,NodeCast,121
Àã,NodeAdd,121
Àå,NodeMux,121
 æ,NodeStreamOffset,122
‡¨ì,NodeEqInlined,118
 Ω,NodeCast,121
 ø,NodeAdd,121
ÀÄ,NodeMux,121
 ≤,NodeStreamOffset,122
‡¨î,NodeEqInlined,118
 ±,NodeCast,121
 ≥,NodeAdd,121
 ¥,NodeMux,121
 ¶,NodeStreamOffset,122
‡¨ï,NodeEqInlined,118
 •,NodeCast,121
 ß,NodeAdd,121
 ®,NodeMux,121
 ö,NodeStreamOffset,122
‡¨ñ,NodeEqInlined,117
 ô,NodeCast,121
 õ,NodeAdd,121
 ú,NodeMux,121
 é,NodeStreamOffset,122
‡¨ó,NodeEqInlined,117
 ç,NodeCast,121
 è,NodeAdd,121
 ê,NodeMux,121
 Ç,NodeStreamOffset,122
‡¨ò,NodeEqInlined,117
 Å,NodeCast,121
 É,NodeAdd,121
 Ñ,NodeMux,121
…∂,NodeStreamOffset,122
‡¨ô,NodeEqInlined,117
…µ,NodeCast,121
…∑,NodeAdd,121
…∏,NodeMux,121
…™,NodeStreamOffset,122
‡¨ö,NodeEqInlined,117
…©,NodeCast,121
…´,NodeAdd,121
…¨,NodeMux,121
…û,NodeStreamOffset,122
‡¨õ,NodeEqInlined,117
…ù,NodeCast,121
…ü,NodeAdd,121
…†,NodeMux,121
…í,NodeStreamOffset,122
‡¨ú,NodeEqInlined,117
…ë,NodeCast,121
…ì,NodeAdd,121
…î,NodeMux,121
…Ü,NodeStreamOffset,122
‡¨ù,NodeEqInlined,117
…Ö,NodeCast,121
…á,NodeAdd,121
…à,NodeMux,121
»∫,NodeStreamOffset,122
‡¨û,NodeEqInlined,117
»π,NodeCast,121
»ª,NodeAdd,121
»º,NodeMux,121
»Æ,NodeStreamOffset,122
‡¨ü,NodeEqInlined,117
»≠,NodeCast,121
»Ø,NodeAdd,121
»∞,NodeMux,121
»¢,NodeStreamOffset,122
‡¨†,NodeEqInlined,117
»°,NodeCast,121
»£,NodeAdd,121
»§,NodeMux,121
»ñ,NodeStreamOffset,122
‡¨°,NodeEqInlined,117
»ï,NodeCast,121
»ó,NodeAdd,121
»ò,NodeMux,121
»ä,NodeStreamOffset,122
‡¨¢,NodeEqInlined,117
»â,NodeCast,121
»ã,NodeAdd,121
»å,NodeMux,121
«æ,NodeStreamOffset,122
‡¨£,NodeEqInlined,117
«Ω,NodeCast,121
«ø,NodeAdd,121
»Ä,NodeMux,121
«≤,NodeStreamOffset,122
‡¨§,NodeEqInlined,117
«±,NodeCast,121
«≥,NodeAdd,121
«¥,NodeMux,121
«¶,NodeStreamOffset,122
‡¨•,NodeEqInlined,117
«•,NodeCast,121
«ß,NodeAdd,121
«®,NodeMux,121
«ö,NodeStreamOffset,122
‡¨¶,NodeEqInlined,117
«ô,NodeCast,121
«õ,NodeAdd,121
«ú,NodeMux,121
«é,NodeStreamOffset,122
‡¨ß,NodeEqInlined,117
«ç,NodeCast,121
«è,NodeAdd,121
«ê,NodeMux,121
«Ç,NodeStreamOffset,122
‡¨®,NodeEqInlined,117
«Å,NodeCast,121
«É,NodeAdd,121
«Ñ,NodeMux,121
∆∂,NodeStreamOffset,122
‡¨©,NodeEqInlined,117
∆µ,NodeCast,121
∆∑,NodeAdd,121
∆∏,NodeMux,121
∆™,NodeStreamOffset,122
‡¨™,NodeEqInlined,117
∆©,NodeCast,121
∆´,NodeAdd,121
∆¨,NodeMux,121
∆û,NodeStreamOffset,122
‡¨´,NodeEqInlined,117
∆ù,NodeCast,121
∆ü,NodeAdd,121
∆†,NodeMux,121
∆í,NodeStreamOffset,122
‡¨¨,NodeEqInlined,117
∆ë,NodeCast,121
∆ì,NodeAdd,121
∆î,NodeMux,121
∆Ü,NodeStreamOffset,122
‡¨≠,NodeEqInlined,117
∆Ö,NodeCast,121
∆á,NodeAdd,121
∆à,NodeMux,121
≈∫,NodeStreamOffset,122
‡¨Æ,NodeEqInlined,117
≈π,NodeCast,121
≈ª,NodeAdd,121
≈º,NodeMux,121
≈Æ,NodeStreamOffset,122
‡¨Ø,NodeEqInlined,117
≈≠,NodeCast,121
≈Ø,NodeAdd,121
≈∞,NodeMux,121
≈¢,NodeStreamOffset,122
‡¨∞,NodeEqInlined,117
≈°,NodeCast,121
≈£,NodeAdd,121
≈§,NodeMux,121
≈ñ,NodeStreamOffset,122
‡¨±,NodeEqInlined,117
≈ï,NodeCast,121
≈ó,NodeAdd,121
≈ò,NodeMux,121
≈ä,NodeStreamOffset,122
‡¨≤,NodeEqInlined,117
≈â,NodeCast,121
≈ã,NodeAdd,121
≈å,NodeMux,121
ƒæ,NodeStreamOffset,122
‡¨≥,NodeEqInlined,117
ƒΩ,NodeCast,121
ƒø,NodeAdd,121
≈Ä,NodeMux,121
ƒ≤,NodeStreamOffset,122
‡¨¥,NodeEqInlined,117
ƒ±,NodeCast,121
ƒ≥,NodeAdd,121
ƒ¥,NodeMux,121
ƒ¶,NodeStreamOffset,122
‡¨µ,NodeEqInlined,116
ƒ•,NodeCast,121
ƒß,NodeAdd,121
ƒ®,NodeMux,121
ƒö,NodeStreamOffset,122
‡¨∂,NodeEqInlined,116
ƒô,NodeCast,121
ƒõ,NodeAdd,121
ƒú,NodeMux,121
ƒé,NodeStreamOffset,122
‡¨∑,NodeEqInlined,116
ƒç,NodeCast,121
ƒè,NodeAdd,121
ƒê,NodeMux,121
ƒÇ,NodeStreamOffset,122
‡¨∏,NodeEqInlined,116
ƒÅ,NodeCast,121
ƒÉ,NodeAdd,121
ƒÑ,NodeMux,121
√∂,NodeStreamOffset,122
‡¨π,NodeEqInlined,116
√µ,NodeCast,121
√∑,NodeAdd,121
√∏,NodeMux,121
√™,NodeStreamOffset,122
‡¨∫,NodeEqInlined,116
√©,NodeCast,121
√´,NodeAdd,121
√¨,NodeMux,121
√û,NodeStreamOffset,122
‡¨ª,NodeEqInlined,116
√ù,NodeCast,121
√ü,NodeAdd,121
√†,NodeMux,121
√í,NodeStreamOffset,122
‡¨º,NodeEqInlined,116
√ë,NodeCast,121
√ì,NodeAdd,121
√î,NodeMux,121
√Ü,NodeStreamOffset,122
‡¨Ω,NodeEqInlined,116
√Ö,NodeCast,121
√á,NodeAdd,121
√à,NodeMux,121
¬∫,NodeStreamOffset,122
‡¨æ,NodeEqInlined,116
¬π,NodeCast,121
¬ª,NodeAdd,121
¬º,NodeMux,121
¬Æ,NodeStreamOffset,122
‡¨ø,NodeEqInlined,116
¬≠,NodeCast,121
¬Ø,NodeAdd,121
¬∞,NodeMux,121
¬¢,NodeStreamOffset,122
‡≠Ä,NodeEqInlined,116
¬°,NodeCast,121
¬£,NodeAdd,121
¬§,NodeMux,121
¬ñ,NodeStreamOffset,122
‡≠Å,NodeEqInlined,116
¬ï,NodeCast,121
¬ó,NodeAdd,121
¬ò,NodeMux,121
¬ä,NodeStreamOffset,122
‡≠Ç,NodeEqInlined,116
¬â,NodeCast,121
¬ã,NodeAdd,121
¬å,NodeMux,121
~,NodeStreamOffset,122
‡≠É,NodeEqInlined,116
},NodeCast,121
,NodeAdd,121
¬Ä,NodeMux,121
‡±±,NodeCat,122
ﬁó,NodeOutput,122
‡ßπ,NodeCounter,3
‡ß∫,NodeStreamOffset,3
‡ßº,NodeOutputMappedReg,4
‡ßø,NodeCounter,0
‡±≤,NodeEqInlined,0
‡®Ä,NodeFlush,1
